timestamp (us),front,back,left,right,up,zrange
60446,32.766,32.766,1.431,0.126,2.348,0.016
60456,32.766,32.766,1.431,0.126,2.348,0.016
60466,32.766,32.766,1.431,0.126,2.364,0.016
60476,32.766,32.766,1.42,0.126,2.364,0.016
60486,32.766,32.766,1.42,0.128,2.364,0.013
60496,32.766,32.766,1.42,0.128,2.364,0.013
60506,32.766,32.766,1.42,0.128,2.364,0.013
60516,32.766,32.766,1.42,0.128,2.364,0.013
60526,32.766,32.766,1.42,0.128,2.364,0.013
60536,32.766,32.766,1.42,0.128,2.364,0.013
60546,32.766,32.766,1.42,0.128,2.364,0.013
60556,32.766,32.766,1.42,0.128,2.364,0.013
60566,32.766,32.766,1.42,0.128,2.35,0.013
60576,32.766,32.766,1.421,0.128,2.35,0.013
60586,32.766,32.766,1.421,0.125,2.35,0.014
60596,32.766,32.766,1.421,0.125,2.35,0.014
60606,32.766,32.766,1.421,0.125,2.35,0.014
60616,32.766,32.766,1.421,0.125,2.35,0.014
60626,32.766,32.766,1.421,0.125,2.35,0.014
60636,32.766,32.766,1.421,0.125,2.35,0.012
60646,32.766,32.766,1.421,0.125,2.35,0.012
60656,32.766,32.766,1.421,0.125,2.35,0.012
60666,32.766,32.766,1.421,0.125,2.355,0.012
60676,32.766,32.766,1.424,0.125,2.355,0.012
60686,32.766,32.766,1.424,0.129,2.355,0.018
60696,32.766,32.766,1.424,0.129,2.355,0.018
60706,32.766,32.766,1.424,0.129,2.355,0.018
60716,32.766,32.766,1.424,0.129,2.355,0.018
60726,32.766,32.766,1.424,0.129,2.355,0.018
60736,32.766,32.766,1.424,0.129,2.355,0.012
60746,32.766,32.766,1.424,0.129,2.355,0.012
60756,32.766,32.766,1.424,0.129,2.355,0.012
60766,32.766,32.766,1.424,0.129,2.356,0.012
60776,32.766,32.766,1.422,0.129,2.356,0.012
60786,32.766,32.766,1.422,0.129,2.356,0.015
60796,32.766,32.766,1.422,0.129,2.356,0.015
60806,32.766,32.766,1.422,0.129,2.356,0.015
60816,32.766,32.766,1.422,0.129,2.356,0.015
60826,32.766,32.766,1.422,0.129,2.356,0.015
60836,32.766,32.766,1.422,0.129,2.356,0.015
60846,32.766,32.766,1.422,0.129,2.356,0.015
60856,32.766,32.766,1.422,0.129,2.356,0.015
60866,32.766,32.766,1.422,0.129,2.357,0.015
60876,32.766,32.766,1.42,0.129,2.357,0.015
60886,32.766,32.766,1.42,0.128,2.357,0.015
60896,32.766,32.766,1.42,0.128,2.357,0.015
60906,32.766,32.766,1.42,0.128,2.357,0.015
60916,32.766,32.766,1.42,0.128,2.357,0.015
60926,32.766,32.766,1.42,0.128,2.357,0.015
60936,32.766,32.766,1.42,0.128,2.357,0.017
60946,32.766,32.766,1.42,0.128,2.357,0.017
60956,32.766,32.766,1.42,0.128,2.357,0.017
60966,32.766,32.766,1.42,0.128,2.348,0.017
60976,32.766,32.766,1.424,0.128,2.348,0.017
60986,32.766,32.766,1.424,0.127,2.348,0.015
60996,32.766,32.766,1.424,0.127,2.348,0.015
61006,32.766,32.766,1.424,0.127,2.348,0.015
61016,32.766,32.766,1.424,0.127,2.348,0.015
61026,32.766,32.766,1.424,0.127,2.348,0.015
61036,32.766,32.766,1.424,0.127,2.348,0.015
61046,32.766,32.766,1.424,0.127,2.348,0.015
61056,32.766,32.766,1.424,0.127,2.348,0.015
61066,32.766,32.766,1.424,0.127,2.344,0.015
61076,32.766,32.766,1.43,0.127,2.344,0.015
61086,32.766,32.766,1.43,0.128,2.344,0.015
61096,32.766,32.766,1.43,0.128,2.344,0.015
61106,32.766,32.766,1.43,0.128,2.344,0.015
61116,32.766,32.766,1.43,0.128,2.344,0.015
61126,32.766,32.766,1.43,0.128,2.344,0.015
61136,32.766,32.766,1.43,0.128,2.344,0.013
61146,32.766,32.766,1.43,0.128,2.344,0.013
61156,32.766,32.766,1.43,0.128,2.344,0.013
61166,32.766,32.766,1.43,0.128,2.358,0.013
61176,32.766,32.766,1.419,0.128,2.358,0.013
61186,32.766,32.766,1.419,0.128,2.358,0.016
61196,32.766,32.766,1.419,0.128,2.358,0.016
61206,32.766,32.766,1.419,0.128,2.358,0.016
61216,32.766,32.766,1.419,0.128,2.358,0.016
61226,32.766,32.766,1.419,0.128,2.358,0.017
61236,32.766,32.766,1.419,0.128,2.358,0.017
61246,32.766,32.766,1.419,0.128,2.358,0.017
61256,32.766,32.766,1.419,0.128,2.358,0.017
61266,32.766,32.766,1.419,0.128,2.353,0.017
61276,32.766,32.766,1.425,0.128,2.353,0.017
61286,32.766,32.766,1.425,0.128,2.353,0.011
61296,32.766,32.766,1.425,0.128,2.353,0.011
61306,32.766,32.766,1.425,0.128,2.353,0.011
61316,32.766,32.766,1.425,0.128,2.353,0.011
61326,32.766,32.766,1.425,0.128,2.353,0.011
61336,32.766,32.766,1.425,0.128,2.353,0.014
61346,32.766,32.766,1.425,0.128,2.353,0.014
61356,32.766,32.766,1.425,0.128,2.353,0.014
61366,32.766,32.766,1.425,0.128,2.354,0.014
61376,32.766,32.766,1.423,0.128,2.354,0.014
61386,32.766,32.766,1.423,0.13,2.354,0.017
61396,32.766,32.766,1.423,0.13,2.354,0.017
61406,32.766,32.766,1.423,0.13,2.354,0.017
61416,32.766,32.766,1.423,0.13,2.354,0.017
61426,32.766,32.766,1.423,0.13,2.354,0.017
61436,32.766,32.766,1.423,0.13,2.354,0.012
61446,32.766,32.766,1.423,0.13,2.354,0.012
61456,32.766,2.434,1.423,0.13,2.354,0.012
61466,32.766,2.434,1.423,0.13,2.355,0.012
61476,32.766,2.434,1.42,0.13,2.355,0.012
61486,32.766,2.434,1.42,0.128,2.355,0.014
61496,32.766,2.434,1.42,0.128,2.355,0.014
61506,32.766,2.434,1.42,0.128,2.355,0.014
61516,32.766,2.434,1.42,0.128,2.355,0.014
61526,32.766,2.434,1.42,0.128,2.355,0.014
61536,32.766,2.434,1.42,0.128,2.355,0.014
61546,32.766,2.434,1.42,0.128,2.355,0.014
61556,32.766,32.766,1.42,0.128,2.355,0.014
61566,32.766,32.766,1.42,0.128,2.343,0.014
61576,32.766,32.766,1.431,0.128,2.343,0.014
61586,32.766,32.766,1.431,0.13,2.343,0.017
61596,32.766,32.766,1.431,0.13,2.343,0.017
61606,32.766,32.766,1.431,0.13,2.343,0.017
61616,32.766,32.766,1.431,0.13,2.343,0.017
61626,32.766,32.766,1.431,0.13,2.343,0.015
61636,32.766,32.766,1.431,0.13,2.343,0.015
61646,32.766,32.766,1.431,0.13,2.343,0.015
61656,32.766,32.766,1.431,0.13,2.343,0.015
61666,32.766,32.766,1.431,0.13,2.342,0.015
61676,32.766,32.766,1.416,0.13,2.342,0.015
61686,32.766,32.766,1.416,0.126,2.342,0.015
61696,32.766,32.766,1.416,0.126,2.342,0.015
61706,32.766,32.766,1.416,0.126,2.342,0.015
61716,32.766,32.766,1.416,0.126,2.342,0.015
61726,32.766,32.766,1.416,0.126,2.342,0.015
61736,32.766,32.766,1.416,0.126,2.342,0.013
61746,32.766,32.766,1.416,0.126,2.342,0.013
61756,32.766,32.766,1.416,0.126,2.342,0.013
61766,32.766,32.766,1.416,0.126,2.355,0.013
61776,32.766,32.766,1.422,0.126,2.355,0.013
61786,32.766,32.766,1.422,0.124,2.355,0.015
61796,32.766,32.766,1.422,0.124,2.355,0.015
61806,32.766,32.766,1.422,0.124,2.355,0.015
61816,32.766,32.766,1.422,0.124,2.355,0.015
61826,32.766,32.766,1.422,0.124,2.355,0.015
61836,32.766,32.766,1.422,0.124,2.355,0.013
61846,32.766,32.766,1.422,0.124,2.355,0.013
61856,32.766,32.766,1.422,0.124,2.355,0.013
61866,32.766,32.766,1.422,0.124,2.344,0.013
61876,32.766,32.766,1.425,0.124,2.344,0.013
61886,32.766,32.766,1.425,0.131,2.344,0.015
61896,32.766,32.766,1.425,0.131,2.344,0.015
61906,32.766,32.766,1.425,0.131,2.344,0.015
61916,32.766,32.766,1.425,0.131,2.344,0.015
61926,32.766,32.766,1.425,0.131,2.344,0.015
61936,32.766,32.766,1.425,0.131,2.344,0.013
61946,32.766,32.766,1.425,0.131,2.344,0.013
61956,32.766,32.766,1.425,0.131,2.344,0.013
61966,32.766,32.766,1.425,0.131,2.345,0.013
61976,32.766,32.766,1.425,0.131,2.345,0.013
61986,32.766,32.766,1.425,0.129,2.345,0.012
61996,32.766,32.766,1.425,0.129,2.345,0.012
62006,32.766,32.766,1.425,0.129,2.345,0.012
62016,32.766,32.766,1.425,0.129,2.345,0.012
62026,32.766,32.766,1.425,0.129,2.345,0.012
62036,32.766,32.766,1.425,0.129,2.345,0.015
62046,32.766,32.766,1.425,0.129,2.345,0.015
62056,0.985,32.766,1.425,0.129,2.345,0.015
62066,0.985,32.766,1.425,0.129,2.342,0.015
62076,0.985,32.766,1.422,0.129,2.342,0.015
62086,0.985,32.766,1.422,0.127,2.342,0.013
62096,0.985,32.766,1.422,0.127,2.342,0.013
62106,0.985,32.766,1.422,0.127,2.342,0.013
62116,0.985,32.766,1.422,0.127,2.342,0.013
62126,0.985,32.766,1.422,0.127,2.342,0.013
62136,0.985,32.766,1.422,0.127,2.342,0.015
62146,0.985,32.766,1.422,0.127,2.342,0.015
62156,32.766,32.766,1.422,0.127,2.342,0.015
62166,32.766,32.766,1.422,0.127,2.343,0.015
62176,32.766,32.766,1.421,0.127,2.343,0.015
62186,32.766,32.766,1.421,0.127,2.343,0.013
62196,32.766,32.766,1.421,0.127,2.343,0.013
62206,32.766,32.766,1.421,0.127,2.343,0.013
62216,32.766,32.766,1.421,0.127,2.343,0.013
62226,32.766,32.766,1.421,0.127,2.343,0.013
62236,32.766,32.766,1.421,0.127,2.343,0.014
62246,32.766,32.766,1.421,0.127,2.343,0.014
62256,32.766,32.766,1.421,0.127,2.343,0.014
62266,32.766,32.766,1.421,0.127,2.355,0.014
62276,32.766,32.766,1.421,0.127,2.355,0.014
62286,32.766,32.766,1.421,0.128,2.355,0.014
62296,32.766,32.766,1.421,0.128,2.355,0.014
62306,32.766,32.766,1.421,0.128,2.355,0.014
62316,32.766,32.766,1.421,0.128,2.355,0.014
62326,32.766,32.766,1.421,0.128,2.355,0.013
62336,32.766,32.766,1.421,0.128,2.355,0.013
62346,32.766,32.766,1.421,0.128,2.355,0.013
62356,32.766,32.766,1.421,0.128,2.355,0.013
62366,32.766,32.766,1.421,0.128,2.349,0.013
62376,32.766,32.766,1.426,0.128,2.349,0.013
62386,32.766,32.766,1.426,0.129,2.349,0.013
62396,32.766,32.766,1.426,0.129,2.349,0.013
62406,32.766,32.766,1.426,0.129,2.349,0.013
62416,32.766,32.766,1.426,0.129,2.349,0.013
62426,32.766,32.766,1.426,0.129,2.349,0.013
62436,32.766,32.766,1.426,0.129,2.349,0.014
62446,32.766,32.766,1.426,0.129,2.349,0.014
62456,32.766,32.766,1.426,0.129,2.349,0.014
62466,32.766,32.766,1.426,0.129,2.343,0.014
62476,32.766,32.766,1.427,0.129,2.343,0.014
62486,32.766,32.766,1.427,0.129,2.343,0.015
62496,32.766,32.766,1.427,0.129,2.343,0.015
62506,32.766,32.766,1.427,0.129,2.343,0.015
62516,32.766,32.766,1.427,0.129,2.343,0.015
62526,32.766,32.766,1.427,0.129,2.343,0.015
62536,32.766,32.766,1.427,0.129,2.343,0.014
62546,32.766,32.766,1.427,0.129,2.343,0.014
62556,32.766,32.766,1.427,0.129,2.343,0.014
62566,32.766,32.766,1.427,0.129,2.343,0.014
62576,32.766,32.766,1.423,0.129,2.343,0.014
62586,32.766,32.766,1.423,0.129,2.343,0.016
62596,32.766,32.766,1.423,0.129,2.343,0.016
62606,32.766,32.766,1.423,0.129,2.343,0.016
62616,32.766,32.766,1.423,0.129,2.343,0.016
62626,32.766,32.766,1.423,0.129,2.343,0.016
62636,32.766,32.766,1.423,0.129,2.343,0.016
62646,32.766,32.766,1.423,0.129,2.343,0.016
62656,32.766,32.766,1.423,0.129,2.343,0.016
62666,32.766,32.766,1.423,0.129,2.343,0.016
62676,32.766,32.766,1.432,0.129,2.343,0.016
62686,32.766,32.766,1.432,0.128,2.343,0.014
62696,32.766,32.766,1.432,0.128,2.343,0.014
62706,32.766,32.766,1.432,0.128,2.343,0.014
62716,32.766,32.766,1.432,0.128,2.343,0.014
62726,32.766,32.766,1.432,0.128,2.343,0.014
62736,32.766,32.766,1.432,0.128,2.343,0.016
62746,32.766,32.766,1.432,0.128,2.343,0.016
62756,32.766,32.766,1.432,0.128,2.343,0.016
62766,32.766,32.766,1.432,0.128,2.349,0.016
62776,32.766,32.766,1.42,0.128,2.349,0.016
62786,32.766,32.766,1.42,0.127,2.349,0.015
62796,32.766,32.766,1.42,0.127,2.349,0.015
62806,32.766,32.766,1.42,0.127,2.349,0.015
62816,32.766,32.766,1.42,0.127,2.349,0.015
62826,32.766,32.766,1.42,0.127,2.349,0.016
62836,32.766,32.766,1.42,0.127,2.349,0.016
62846,32.766,32.766,1.42,0.127,2.349,0.016
62856,32.766,32.766,1.42,0.127,2.349,0.016
62866,32.766,32.766,1.42,0.127,2.339,0.016
62876,32.766,32.766,1.424,0.127,2.339,0.016
62886,32.766,32.766,1.424,0.126,2.339,0.014
62896,32.766,32.766,1.424,0.126,2.339,0.014
62906,32.766,32.766,1.424,0.126,2.339,0.014
62916,32.766,32.766,1.424,0.126,2.339,0.014
62926,32.766,32.766,1.424,0.126,2.339,0.014
62936,32.766,32.766,1.424,0.126,2.339,0.016
62946,32.766,32.766,1.424,0.126,2.339,0.016
62956,32.766,32.766,1.424,0.126,2.339,0.016
62966,32.766,32.766,1.424,0.126,2.362,0.016
62976,32.766,32.766,1.419,0.126,2.362,0.016
62986,32.766,32.766,1.419,0.127,2.362,0.015
62996,32.766,32.766,1.419,0.127,2.362,0.015
63006,32.766,32.766,1.419,0.127,2.362,0.015
63016,32.766,32.766,1.419,0.127,2.362,0.015
63026,32.766,32.766,1.419,0.127,2.362,0.013
63036,32.766,32.766,1.419,0.127,2.362,0.013
63046,32.766,32.766,1.419,0.127,2.362,0.013
63056,32.766,32.766,1.419,0.127,2.362,0.013
63066,32.766,32.766,1.419,0.127,2.344,0.013
63077,32.766,32.766,1.426,0.127,2.344,0.013
63086,32.766,32.766,1.426,0.131,2.344,0.016
63097,32.766,32.766,1.426,0.131,2.344,0.016
63106,32.766,32.766,1.426,0.131,2.344,0.016
63116,32.766,32.766,1.426,0.131,2.344,0.016
63127,32.766,32.766,1.426,0.131,2.344,0.014
63136,32.766,32.766,1.426,0.131,2.344,0.014
63146,32.766,32.766,1.426,0.131,2.344,0.014
63156,32.766,32.766,1.426,0.131,2.344,0.014
63166,32.766,32.766,1.426,0.131,2.338,0.014
63176,32.766,32.766,1.419,0.131,2.338,0.014
63186,32.766,32.766,1.419,0.128,2.338,0.015
63196,32.766,32.766,1.419,0.128,2.338,0.015
63206,32.766,32.766,1.419,0.128,2.338,0.015
63216,32.766,32.766,1.419,0.128,2.338,0.015
63226,32.766,32.766,1.419,0.128,2.338,0.015
63236,32.766,32.766,1.419,0.128,2.338,0.014
63246,32.766,32.766,1.419,0.128,2.338,0.014
63256,32.766,2.612,1.419,0.128,2.338,0.014
63266,32.766,2.612,1.419,0.128,32.766,0.014
63276,32.766,2.612,1.421,0.128,32.766,0.014
63286,32.766,2.612,1.421,0.128,32.766,0.013
63296,32.766,2.612,1.421,0.128,32.766,0.013
63306,32.766,2.612,1.421,0.128,32.766,0.013
63316,32.766,2.612,1.421,0.128,32.766,0.013
63326,32.766,2.612,1.421,0.128,32.766,0.013
63336,32.766,2.612,1.421,0.128,32.766,0.013
63346,32.766,2.612,1.421,0.128,32.766,0.013
63356,1.026,32.766,1.421,0.128,32.766,0.013
63366,1.026,32.766,1.421,0.128,2.345,0.013
63376,1.026,32.766,1.419,0.128,2.345,0.013
63386,1.026,32.766,1.419,0.127,2.345,0.014
63396,1.026,32.766,1.419,0.127,2.345,0.014
63406,1.026,32.766,1.419,0.127,2.345,0.014
63416,1.026,32.766,1.419,0.127,2.345,0.014
63426,1.026,32.766,1.419,0.127,2.345,0.014
63436,1.026,32.766,1.419,0.127,2.345,0.015
63446,1.026,32.766,1.419,0.127,2.345,0.015
63456,32.766,32.766,1.419,0.127,2.345,0.015
63466,32.766,32.766,1.419,0.127,2.348,0.015
63476,32.766,32.766,1.426,0.127,2.348,0.015
63486,32.766,32.766,1.426,0.127,2.348,0.015
63496,32.766,32.766,1.426,0.127,2.348,0.015
63506,32.766,32.766,1.426,0.127,2.348,0.015
63516,32.766,32.766,1.426,0.127,2.348,0.015
63526,32.766,32.766,1.426,0.127,2.348,0.015
63536,32.766,32.766,1.426,0.127,2.348,0.015
63546,32.766,32.766,1.426,0.127,2.348,0.015
63556,32.766,32.766,1.426,0.127,2.348,0.015
63566,32.766,32.766,1.426,0.127,2.352,0.015
63576,32.766,32.766,1.428,0.127,2.352,0.015
63586,32.766,32.766,1.428,0.127,2.352,0.014
63596,32.766,32.766,1.428,0.127,2.352,0.014
63606,32.766,32.766,1.428,0.127,2.352,0.014
63616,32.766,32.766,1.428,0.127,2.352,0.014
63626,32.766,32.766,1.428,0.127,2.352,0.014
63636,32.766,32.766,1.428,0.127,2.352,0.014
63646,32.766,32.766,1.428,0.127,2.352,0.014
63656,32.766,32.766,1.428,0.127,2.352,0.014
63666,32.766,32.766,1.428,0.127,2.347,0.014
63676,32.766,32.766,1.435,0.127,2.347,0.014
63686,32.766,32.766,1.435,0.125,2.347,0.013
63696,32.766,32.766,1.435,0.125,2.347,0.013
63706,32.766,32.766,1.435,0.125,2.347,0.013
63716,32.766,32.766,1.435,0.125,2.347,0.013
63726,32.766,32.766,1.435,0.125,2.347,0.015
63736,32.766,32.766,1.435,0.125,2.347,0.015
63746,32.766,32.766,1.435,0.125,2.347,0.015
63756,32.766,32.766,1.435,0.125,2.347,0.015
63766,32.766,32.766,1.435,0.125,32.766,0.015
63776,32.766,32.766,1.425,0.125,32.766,0.015
63786,32.766,32.766,1.425,0.127,32.766,0.015
63796,32.766,32.766,1.425,0.127,32.766,0.015
63806,32.766,32.766,1.425,0.127,32.766,0.015
63816,32.766,32.766,1.425,0.127,32.766,0.015
63826,32.766,32.766,1.425,0.127,32.766,0.015
63836,32.766,32.766,1.425,0.127,32.766,0.009
63846,32.766,32.766,1.425,0.127,32.766,0.009
63856,1.225,2.261,1.425,0.127,32.766,0.009
63866,1.225,2.261,1.425,0.127,2.36,0.009
63876,1.225,2.261,1.433,0.127,2.36,0.009
63886,1.225,2.261,1.433,0.135,2.36,0.0
63896,1.225,2.261,1.433,0.135,2.36,0.0
63906,1.225,2.261,1.433,0.135,2.36,0.0
63916,1.225,2.261,1.433,0.135,2.36,0.0
63926,1.225,2.261,1.433,0.135,2.36,0.0
63936,1.225,2.261,1.433,0.135,2.36,0.007
63946,1.225,2.261,1.433,0.135,2.36,0.007
63956,2.181,2.121,1.433,0.135,2.36,0.007
63966,2.181,2.121,1.433,0.135,2.323,0.007
63976,2.181,2.121,1.44,0.135,2.323,0.007
63986,2.181,2.121,1.44,32.766,2.323,0.024
63996,2.181,2.121,1.44,32.766,2.323,0.024
64006,2.181,2.121,1.44,32.766,2.323,0.024
64016,2.181,2.121,1.44,32.766,2.323,0.024
64026,2.181,2.121,1.44,32.766,2.323,0.024
64036,2.181,2.121,1.44,32.766,2.323,0.046
64046,2.181,2.121,1.44,32.766,2.323,0.046
64056,2.223,32.766,1.44,32.766,2.323,0.046
64066,2.223,32.766,1.44,32.766,2.31,0.046
64076,2.223,32.766,1.437,32.766,2.31,0.046
64086,2.223,32.766,1.437,32.766,2.31,0.062
64096,2.223,32.766,1.437,32.766,2.31,0.062
64106,2.223,32.766,1.437,32.766,2.31,0.062
64116,2.223,32.766,1.437,32.766,2.31,0.062
64126,2.223,32.766,1.437,32.766,2.31,0.062
64136,2.223,32.766,1.437,32.766,2.31,0.086
64146,2.223,32.766,1.437,32.766,2.31,0.086
64156,2.231,2.137,1.437,32.766,2.31,0.086
64166,2.231,2.137,1.437,32.766,2.292,0.086
64176,2.231,2.137,32.766,32.766,2.292,0.086
64186,2.231,2.137,32.766,32.766,2.292,0.097
64196,2.231,2.137,32.766,32.766,2.292,0.097
64206,2.231,2.137,32.766,32.766,2.292,0.097
64216,2.231,2.137,32.766,32.766,2.292,0.097
64226,2.231,2.137,32.766,32.766,2.292,0.108
64236,2.231,2.137,32.766,32.766,2.292,0.108
64246,2.231,2.137,32.766,32.766,2.292,0.108
64256,2.244,32.766,32.766,32.766,2.292,0.108
64266,2.244,32.766,32.766,32.766,2.269,0.108
64276,2.244,32.766,1.418,32.766,2.269,0.108
64286,2.244,32.766,1.418,32.766,2.269,0.105
64296,2.244,32.766,1.418,32.766,2.269,0.105
64306,2.244,32.766,1.418,32.766,2.269,0.105
64316,2.244,32.766,1.418,32.766,2.269,0.105
64326,2.244,32.766,1.418,32.766,2.269,0.105
64336,2.244,32.766,1.418,32.766,2.269,0.109
64346,2.244,32.766,1.418,32.766,2.269,0.109
64356,2.269,2.165,1.418,32.766,2.269,0.109
64366,2.269,2.165,1.418,32.766,2.26,0.109
64376,2.269,2.165,32.766,32.766,2.26,0.109
64386,2.269,2.165,32.766,32.766,2.26,0.109
64396,2.269,2.165,32.766,32.766,2.26,0.109
64406,2.269,2.165,32.766,32.766,2.26,0.109
64416,2.269,2.165,32.766,32.766,2.26,0.109
64426,2.269,2.165,32.766,32.766,2.26,0.109
64436,2.269,2.165,32.766,32.766,2.26,0.107
64446,2.269,2.165,32.766,32.766,2.26,0.107
64456,2.289,32.766,32.766,32.766,2.26,0.107
64466,2.289,32.766,32.766,32.766,2.252,0.107
64476,2.289,32.766,1.407,32.766,2.252,0.107
64486,2.289,32.766,1.407,32.766,2.252,0.108
64496,2.289,32.766,1.407,32.766,2.252,0.108
64506,2.289,32.766,1.407,32.766,2.252,0.108
64516,2.289,32.766,1.407,32.766,2.252,0.108
64526,2.289,32.766,1.407,32.766,2.252,0.108
64536,2.289,32.766,1.407,32.766,2.252,0.11
64546,2.289,32.766,1.407,32.766,2.252,0.11
64556,2.303,2.159,1.407,32.766,2.252,0.11
64566,2.303,2.159,1.407,32.766,2.261,0.11
64576,2.303,2.159,32.766,32.766,2.261,0.11
64586,2.303,2.159,32.766,32.766,2.261,0.111
64596,2.303,2.159,32.766,32.766,2.261,0.111
64606,2.303,2.159,32.766,32.766,2.261,0.111
64616,2.303,2.159,32.766,32.766,2.261,0.111
64626,2.303,2.159,32.766,32.766,2.261,0.117
64636,2.303,2.159,32.766,32.766,2.261,0.117
64646,2.303,2.159,32.766,32.766,2.261,0.117
64656,2.304,2.165,32.766,32.766,2.261,0.117
64666,2.304,2.165,32.766,32.766,2.243,0.117
64676,2.304,2.165,32.766,32.766,2.243,0.117
64686,2.304,2.165,32.766,32.766,2.243,0.126
64696,2.304,2.165,32.766,32.766,2.243,0.126
64706,2.304,2.165,32.766,32.766,2.243,0.126
64716,2.304,2.165,32.766,32.766,2.243,0.126
64726,2.304,2.165,32.766,32.766,2.243,0.126
64736,2.304,2.165,32.766,32.766,2.243,0.134
64746,2.304,2.165,32.766,32.766,2.243,0.134
64756,2.283,2.187,32.766,32.766,2.243,0.134
64766,2.283,2.187,32.766,32.766,2.224,0.134
64776,2.283,2.187,1.378,32.766,2.224,0.134
64786,2.283,2.187,1.378,32.766,2.224,0.14
64796,2.283,2.187,1.378,32.766,2.224,0.14
64806,2.283,2.187,1.378,32.766,2.224,0.14
64816,2.283,2.187,1.378,32.766,2.224,0.14
64826,2.283,2.187,1.378,32.766,2.224,0.14
64836,2.283,2.187,1.378,32.766,2.224,0.156
64846,2.283,2.187,1.378,32.766,2.224,0.156
64856,2.274,2.233,1.378,32.766,2.224,0.156
64866,2.274,2.233,1.378,32.766,2.222,0.156
64876,2.274,2.233,32.766,32.766,2.222,0.156
64886,2.274,2.233,32.766,32.766,2.222,0.162
64896,2.274,2.233,32.766,32.766,2.222,0.162
64906,2.274,2.233,32.766,32.766,2.222,0.162
64916,2.274,2.233,32.766,32.766,2.222,0.162
64926,2.274,2.233,32.766,32.766,2.222,0.162
64936,2.274,2.233,32.766,32.766,2.222,0.175
64946,2.274,2.233,32.766,32.766,2.222,0.175
64956,2.256,2.216,32.766,32.766,2.222,0.175
64966,2.256,2.216,32.766,32.766,32.766,0.175
64976,2.256,2.216,1.38,32.766,32.766,0.175
64986,2.256,2.216,1.38,32.766,32.766,0.171
64996,2.256,2.216,1.38,32.766,32.766,0.171
65006,2.256,2.216,1.38,32.766,32.766,0.171
65016,2.256,2.216,1.38,32.766,32.766,0.171
65026,2.256,2.216,1.38,32.766,32.766,0.171
65036,2.256,2.216,1.38,32.766,32.766,0.183
65046,2.256,2.216,1.38,32.766,32.766,0.183
65056,2.284,2.083,1.38,32.766,32.766,0.183
65066,2.284,2.083,1.38,32.766,2.186,0.183
65076,2.284,2.083,1.37,32.766,2.186,0.183
65086,2.284,2.083,1.37,32.766,2.186,0.191
65096,2.284,2.083,1.37,32.766,2.186,0.191
65106,2.284,2.083,1.37,32.766,2.186,0.191
65116,2.284,2.083,1.37,32.766,2.186,0.191
65126,2.284,2.083,1.37,32.766,2.186,0.191
65136,2.284,2.083,1.37,32.766,2.186,0.198
65146,2.284,2.083,1.37,32.766,2.186,0.198
65156,2.282,1.806,1.37,32.766,2.186,0.198
65166,2.282,1.806,1.37,32.766,2.147,0.198
65176,2.282,1.806,32.766,32.766,2.147,0.198
65186,2.282,1.806,32.766,32.766,2.147,0.21
65196,2.282,1.806,32.766,32.766,2.147,0.21
65206,2.282,1.806,32.766,32.766,2.147,0.21
65216,2.282,1.806,32.766,32.766,2.147,0.21
65226,2.282,1.806,32.766,32.766,2.147,0.21
65236,2.282,1.806,32.766,32.766,2.147,0.222
65246,2.282,1.806,32.766,32.766,2.147,0.222
65256,2.308,32.766,32.766,32.766,2.147,0.222
65266,2.308,32.766,32.766,32.766,2.123,0.222
65276,2.308,32.766,32.766,32.766,2.123,0.222
65286,2.308,32.766,32.766,32.766,2.123,0.237
65296,2.308,32.766,32.766,32.766,2.123,0.237
65306,2.308,32.766,32.766,32.766,2.123,0.237
65316,2.308,32.766,32.766,32.766,2.123,0.237
65326,2.308,32.766,32.766,32.766,2.123,0.237
65336,2.308,32.766,32.766,32.766,2.123,0.25
65346,2.308,32.766,32.766,32.766,2.123,0.25
65356,2.326,32.766,32.766,32.766,2.123,0.25
65366,2.326,32.766,32.766,32.766,2.113,0.25
65376,2.326,32.766,1.381,32.766,2.113,0.25
65386,2.326,32.766,1.381,32.766,2.113,0.262
65396,2.326,32.766,1.381,32.766,2.113,0.262
65406,2.326,32.766,1.381,32.766,2.113,0.262
65416,2.326,32.766,1.381,32.766,2.113,0.262
65426,2.326,32.766,1.381,32.766,2.113,0.262
65436,2.326,32.766,1.381,32.766,2.113,0.272
65446,2.326,32.766,1.381,32.766,2.113,0.272
65456,2.323,32.766,1.381,32.766,2.113,0.272
65466,2.323,32.766,1.381,32.766,2.088,0.272
65476,2.323,32.766,1.383,32.766,2.088,0.272
65486,2.323,32.766,1.383,32.766,2.088,0.283
65496,2.323,32.766,1.383,32.766,2.088,0.283
65506,2.323,32.766,1.383,32.766,2.088,0.283
65516,2.323,32.766,1.383,32.766,2.088,0.283
65526,2.323,32.766,1.383,32.766,2.088,0.283
65536,2.323,32.766,1.383,32.766,2.088,0.299
65546,2.323,32.766,1.383,32.766,2.088,0.299
65556,2.333,32.766,1.383,32.766,2.088,0.299
65566,2.333,32.766,1.383,32.766,2.061,0.299
65576,2.333,32.766,1.383,32.766,2.061,0.299
65586,2.333,32.766,1.383,32.766,2.061,0.304
65596,2.333,32.766,1.383,32.766,2.061,0.304
65606,2.333,32.766,1.383,32.766,2.061,0.304
65616,2.333,32.766,1.383,32.766,2.061,0.304
65626,2.333,32.766,1.383,32.766,2.061,0.304
65636,2.333,32.766,1.383,32.766,2.061,0.315
65646,2.333,32.766,1.383,32.766,2.061,0.315
65656,2.333,1.059,1.383,32.766,2.061,0.315
65666,2.333,1.059,1.383,32.766,2.045,0.315
65676,2.333,1.059,32.766,32.766,2.045,0.315
65686,2.333,1.059,32.766,32.766,2.045,0.322
65696,2.333,1.059,32.766,32.766,2.045,0.322
65706,2.333,1.059,32.766,32.766,2.045,0.322
65716,2.333,1.059,32.766,32.766,2.045,0.322
65726,2.333,1.059,32.766,32.766,2.045,0.322
65736,2.333,1.059,32.766,32.766,2.045,0.333
65746,2.333,1.059,32.766,32.766,2.045,0.333
65756,2.337,1.032,32.766,32.766,2.045,0.333
65766,2.337,1.032,32.766,32.766,2.037,0.333
65776,2.337,1.032,32.766,32.766,2.037,0.333
65786,2.337,1.032,32.766,32.766,2.037,0.341
65796,2.337,1.032,32.766,32.766,2.037,0.341
65806,2.337,1.032,32.766,32.766,2.037,0.341
65816,2.337,1.032,32.766,32.766,2.037,0.341
65826,2.337,1.032,32.766,32.766,2.037,0.341
65836,2.337,1.032,32.766,32.766,2.037,0.35
65846,2.337,1.032,32.766,32.766,2.037,0.35
65856,2.328,1.016,32.766,32.766,2.037,0.35
65866,2.328,1.016,32.766,32.766,2.019,0.35
65876,2.328,1.016,1.381,32.766,2.019,0.35
65886,2.328,1.016,1.381,32.766,2.019,0.354
65896,2.328,1.016,1.381,32.766,2.019,0.354
65906,2.328,1.016,1.381,32.766,2.019,0.354
65916,2.328,1.016,1.381,32.766,2.019,0.354
65926,2.328,1.016,1.381,32.766,2.019,0.354
65936,2.328,1.016,1.381,32.766,2.019,0.366
65946,2.328,1.016,1.381,32.766,2.019,0.366
65956,2.33,0.985,1.381,32.766,2.019,0.366
65966,2.33,0.985,1.381,32.766,1.991,0.366
65976,2.33,0.985,1.39,32.766,1.991,0.366
65986,2.33,0.985,1.39,32.766,1.991,0.376
65996,2.33,0.985,1.39,32.766,1.991,0.376
66006,2.33,0.985,1.39,32.766,1.991,0.376
66016,2.33,0.985,1.39,32.766,1.991,0.376
66026,2.33,0.985,1.39,32.766,1.991,0.376
66036,2.33,0.985,1.39,32.766,1.991,0.383
66046,2.33,0.985,1.39,32.766,1.991,0.383
66056,2.324,0.958,1.39,32.766,1.991,0.383
66066,2.324,0.958,1.39,32.766,1.982,0.383
66076,2.324,0.958,32.766,32.766,1.982,0.383
66086,2.324,0.958,32.766,32.766,1.982,0.396
66096,2.324,0.958,32.766,32.766,1.982,0.396
66106,2.324,0.958,32.766,32.766,1.982,0.396
66116,2.324,0.958,32.766,32.766,1.982,0.396
66126,2.324,0.958,32.766,32.766,1.982,0.408
66136,2.324,0.958,32.766,32.766,1.982,0.408
66146,2.324,0.958,32.766,32.766,1.982,0.408
66156,2.314,0.919,32.766,32.766,1.982,0.408
66166,2.314,0.919,32.766,32.766,1.965,0.408
66176,2.314,0.919,1.388,32.766,1.965,0.408
66186,2.314,0.919,1.388,32.766,1.965,0.415
66196,2.314,0.919,1.388,32.766,1.965,0.415
66206,2.314,0.919,1.388,32.766,1.965,0.415
66216,2.314,0.919,1.388,32.766,1.965,0.415
66226,2.314,0.919,1.388,32.766,1.965,0.415
66236,2.314,0.919,1.388,32.766,1.965,0.426
66246,2.314,0.919,1.388,32.766,1.965,0.426
66256,2.313,0.873,1.388,32.766,1.965,0.426
66266,2.313,0.873,1.388,32.766,1.931,0.426
66276,2.313,0.873,1.399,32.766,1.931,0.426
66286,2.313,0.873,1.399,32.766,1.931,0.438
66296,2.313,0.873,1.399,32.766,1.931,0.438
66306,2.313,0.873,1.399,32.766,1.931,0.438
66316,2.313,0.873,1.399,32.766,1.931,0.438
66326,2.313,0.873,1.399,32.766,1.931,0.438
66336,2.313,0.873,1.399,32.766,1.931,0.448
66346,2.313,0.873,1.399,32.766,1.931,0.448
66356,2.335,0.822,1.399,32.766,1.931,0.448
66366,2.335,0.822,1.399,32.766,1.913,0.448
66376,2.335,0.822,1.397,32.766,1.913,0.448
66386,2.335,0.822,1.397,32.766,1.913,0.459
66396,2.335,0.822,1.397,32.766,1.913,0.459
66406,2.335,0.822,1.397,32.766,1.913,0.459
66416,2.335,0.822,1.397,32.766,1.913,0.459
66426,2.335,0.822,1.397,32.766,1.913,0.459
66436,2.335,0.822,1.397,32.766,1.913,0.472
66446,2.335,0.822,1.397,32.766,1.913,0.472
66456,2.325,0.796,1.397,32.766,1.913,0.472
66466,2.325,0.796,1.397,32.766,1.891,0.472
66476,2.325,0.796,1.399,32.766,1.891,0.472
66486,2.325,0.796,1.399,32.766,1.891,0.478
66496,2.325,0.796,1.399,32.766,1.891,0.478
66506,2.325,0.796,1.399,32.766,1.891,0.478
66516,2.325,0.796,1.399,32.766,1.891,0.478
66526,2.325,0.796,1.399,32.766,1.891,0.478
66536,2.325,0.796,1.399,32.766,1.891,0.493
66546,2.325,0.796,1.399,32.766,1.891,0.493
66556,2.376,0.793,1.399,32.766,1.891,0.493
66566,2.376,0.793,1.399,32.766,1.879,0.493
66576,2.376,0.793,32.766,32.766,1.879,0.493
66586,2.376,0.793,32.766,32.766,1.879,0.498
66596,2.376,0.793,32.766,32.766,1.879,0.498
66606,2.376,0.793,32.766,32.766,1.879,0.498
66616,2.376,0.793,32.766,32.766,1.879,0.498
66626,2.376,0.793,32.766,32.766,1.879,0.498
66636,2.376,0.793,32.766,32.766,1.879,0.512
66646,2.376,0.793,32.766,32.766,1.879,0.512
66656,2.307,0.802,32.766,32.766,1.879,0.512
66666,2.307,0.802,32.766,32.766,1.855,0.512
66676,2.307,0.802,32.766,32.766,1.855,0.512
66686,2.307,0.802,32.766,32.766,1.855,0.509
66696,2.307,0.802,32.766,32.766,1.855,0.509
66706,2.307,0.802,32.766,32.766,1.855,0.509
66716,2.307,0.802,32.766,32.766,1.855,0.509
66726,2.307,0.802,32.766,32.766,1.855,0.516
66736,2.307,0.802,32.766,32.766,1.855,0.516
66746,2.307,0.802,32.766,32.766,1.855,0.516
66756,2.249,0.823,32.766,32.766,1.855,0.516
66766,2.249,0.823,32.766,32.766,1.852,0.516
66776,2.249,0.823,32.766,32.766,1.852,0.516
66786,2.249,0.823,32.766,32.766,1.852,0.519
66796,2.249,0.823,32.766,32.766,1.852,0.519
66806,2.249,0.823,32.766,32.766,1.852,0.519
66816,2.249,0.823,32.766,32.766,1.852,0.519
66827,2.249,0.823,32.766,32.766,1.852,0.526
66836,2.249,0.823,32.766,32.766,1.852,0.526
66846,2.249,0.823,32.766,32.766,1.852,0.526
66856,2.228,0.845,32.766,32.766,1.852,0.526
66867,2.228,0.845,32.766,32.766,1.856,0.526
66876,2.228,0.845,32.766,32.766,1.856,0.526
66886,2.228,0.845,32.766,32.766,1.856,0.529
66896,2.228,0.845,32.766,32.766,1.856,0.529
66906,2.228,0.845,32.766,32.766,1.856,0.529
66916,2.228,0.845,32.766,32.766,1.856,0.529
66926,2.228,0.845,32.766,32.766,1.856,0.529
66936,2.228,0.845,32.766,32.766,1.856,0.537
66946,2.228,0.845,32.766,32.766,1.856,0.537
66956,2.203,0.855,32.766,32.766,1.856,0.537
66966,2.203,0.855,32.766,32.766,1.842,0.537
66976,2.203,0.855,1.397,32.766,1.842,0.537
66986,2.203,0.855,1.397,32.766,1.842,0.55
66996,2.203,0.855,1.397,32.766,1.842,0.55
67006,2.203,0.855,1.397,32.766,1.842,0.55
67016,2.203,0.855,1.397,32.766,1.842,0.55
67026,2.203,0.855,1.397,32.766,1.842,0.55
67036,2.203,0.855,1.397,32.766,1.842,0.559
67046,2.203,0.855,1.397,32.766,1.842,0.559
67056,2.162,0.871,1.397,32.766,1.842,0.559
67066,2.162,0.871,1.397,32.766,1.845,0.559
67076,2.162,0.871,32.766,32.766,1.845,0.559
67086,2.162,0.871,32.766,32.766,1.845,0.565
67096,2.162,0.871,32.766,32.766,1.845,0.565
67106,2.162,0.871,32.766,32.766,1.845,0.565
67116,2.162,0.871,32.766,32.766,1.845,0.565
67126,2.162,0.871,32.766,32.766,1.845,0.565
67136,2.162,0.871,32.766,32.766,1.845,0.57
67146,2.162,0.871,32.766,32.766,1.845,0.57
67156,2.169,0.906,32.766,32.766,1.845,0.57
67166,2.169,0.906,32.766,32.766,1.842,0.57
67176,2.169,0.906,32.766,32.766,1.842,0.57
67186,2.169,0.906,32.766,32.766,1.842,0.572
67196,2.169,0.906,32.766,32.766,1.842,0.572
67206,2.169,0.906,32.766,32.766,1.842,0.572
67216,2.169,0.906,32.766,32.766,1.842,0.572
67226,2.169,0.906,32.766,32.766,1.842,0.576
67236,2.169,0.906,32.766,32.766,1.842,0.576
67246,2.169,0.906,32.766,32.766,1.842,0.576
67256,2.137,0.939,32.766,32.766,1.842,0.576
67266,2.137,0.939,32.766,32.766,1.865,0.576
67276,2.137,0.939,1.39,32.766,1.865,0.576
67286,2.137,0.939,1.39,32.766,1.865,0.578
67296,2.137,0.939,1.39,32.766,1.865,0.578
67306,2.137,0.939,1.39,32.766,1.865,0.578
67316,2.137,0.939,1.39,32.766,1.865,0.578
67326,2.137,0.939,1.39,32.766,1.865,0.578
67336,2.137,0.939,1.39,32.766,1.865,0.577
67346,2.137,0.939,1.39,32.766,1.865,0.577
67356,2.177,0.974,1.39,32.766,1.865,0.577
67366,2.177,0.974,1.39,32.766,1.876,0.577
67376,2.177,0.974,32.766,32.766,1.876,0.577
67386,2.177,0.974,32.766,32.766,1.876,0.575
67396,2.177,0.974,32.766,32.766,1.876,0.575
67406,2.177,0.974,32.766,32.766,1.876,0.575
67416,2.177,0.974,32.766,32.766,1.876,0.575
67426,2.177,0.974,32.766,32.766,1.876,0.575
67436,2.177,0.974,32.766,32.766,1.876,0.574
67446,2.177,0.974,32.766,32.766,1.876,0.574
67456,2.079,0.986,32.766,32.766,1.876,0.574
67466,2.079,0.986,32.766,32.766,1.913,0.574
67476,2.079,0.986,1.387,32.766,1.913,0.574
67486,2.079,0.986,1.387,32.766,1.913,0.572
67496,2.079,0.986,1.387,32.766,1.913,0.572
67506,2.079,0.986,1.387,32.766,1.913,0.572
67516,2.079,0.986,1.387,32.766,1.913,0.572
67526,2.079,0.986,1.387,32.766,1.913,0.572
67536,2.079,0.986,1.387,32.766,1.913,0.571
67546,2.079,0.986,1.387,32.766,1.913,0.571
67556,2.071,0.962,1.387,32.766,1.913,0.571
67566,2.071,0.962,1.387,32.766,1.939,0.571
67576,2.071,0.962,32.766,32.766,1.939,0.571
67586,2.071,0.962,32.766,32.766,1.939,0.568
67596,2.071,0.962,32.766,32.766,1.939,0.568
67606,2.071,0.962,32.766,32.766,1.939,0.568
67616,2.071,0.962,32.766,32.766,1.939,0.568
67626,2.071,0.962,32.766,32.766,1.939,0.552
67636,2.071,0.962,32.766,32.766,1.939,0.552
67646,2.071,0.962,32.766,32.766,1.939,0.552
67656,2.062,0.914,32.766,32.766,1.939,0.552
67666,2.062,0.914,32.766,32.766,1.98,0.552
67676,2.062,0.914,32.766,32.766,1.98,0.552
67686,2.062,0.914,32.766,32.766,1.98,0.535
67696,2.062,0.914,32.766,32.766,1.98,0.535
67706,2.062,0.914,32.766,32.766,1.98,0.535
67716,2.062,0.914,32.766,32.766,1.98,0.535
67726,2.062,0.914,32.766,32.766,1.98,0.535
67736,2.062,0.914,32.766,32.766,1.98,0.513
67746,2.062,0.914,32.766,32.766,1.98,0.513
67756,2.05,0.941,32.766,32.766,1.98,0.513
67766,2.05,0.941,32.766,32.766,2.009,0.513
67776,2.05,0.941,32.766,32.766,2.009,0.513
67786,2.05,0.941,32.766,32.766,2.009,0.499
67796,2.05,0.941,32.766,32.766,2.009,0.499
67806,2.05,0.941,32.766,32.766,2.009,0.499
67816,2.05,0.941,32.766,32.766,2.009,0.499
67826,2.05,0.941,32.766,32.766,2.009,0.499
67836,2.05,0.941,32.766,32.766,2.009,0.479
67846,2.05,0.941,32.766,32.766,2.009,0.479
67856,2.032,32.766,32.766,32.766,2.009,0.479
67866,2.032,32.766,32.766,32.766,2.046,0.479
67876,2.032,32.766,1.384,32.766,2.046,0.479
67886,2.032,32.766,1.384,32.766,2.046,0.469
67896,2.032,32.766,1.384,32.766,2.046,0.469
67906,2.032,32.766,1.384,32.766,2.046,0.469
67916,2.032,32.766,1.384,32.766,2.046,0.469
67926,2.032,32.766,1.384,32.766,2.046,0.469
67936,2.032,32.766,1.384,32.766,2.046,0.46
67946,2.032,32.766,1.384,32.766,2.046,0.46
67956,2.02,32.766,1.384,32.766,2.046,0.46
67966,2.02,32.766,1.384,32.766,2.075,0.46
67976,2.02,32.766,32.766,32.766,2.075,0.46
67986,2.02,32.766,32.766,32.766,2.075,0.457
67996,2.02,32.766,32.766,32.766,2.075,0.457
68006,2.02,32.766,32.766,32.766,2.075,0.457
68016,2.02,32.766,32.766,32.766,2.075,0.457
68026,2.02,32.766,32.766,32.766,2.075,0.457
68036,2.02,32.766,32.766,32.766,2.075,0.464
68046,2.02,32.766,32.766,32.766,2.075,0.464
68056,2.0,32.766,32.766,32.766,2.075,0.464
68066,2.0,32.766,32.766,32.766,2.068,0.464
68076,2.0,32.766,32.766,32.766,2.068,0.464
68086,2.0,32.766,32.766,32.766,2.068,0.468
68096,2.0,32.766,32.766,32.766,2.068,0.468
68106,2.0,32.766,32.766,32.766,2.068,0.468
68116,2.0,32.766,32.766,32.766,2.068,0.468
68126,2.0,32.766,32.766,32.766,2.068,0.468
68136,2.0,32.766,32.766,32.766,2.068,0.473
68146,2.0,32.766,32.766,32.766,2.068,0.473
68156,1.992,32.766,32.766,32.766,2.068,0.473
68166,1.992,32.766,32.766,32.766,2.058,0.473
68176,1.992,32.766,32.766,32.766,2.058,0.473
68186,1.992,32.766,32.766,32.766,2.058,0.479
68196,1.992,32.766,32.766,32.766,2.058,0.479
68206,1.992,32.766,32.766,32.766,2.058,0.479
68216,1.992,32.766,32.766,32.766,2.058,0.479
68226,1.992,32.766,32.766,32.766,2.058,0.479
68236,1.992,32.766,32.766,32.766,2.058,0.489
68246,1.992,32.766,32.766,32.766,2.058,0.489
68256,1.983,32.766,32.766,32.766,2.058,0.489
68266,1.983,32.766,32.766,32.766,2.038,0.489
68276,1.983,32.766,1.37,32.766,2.038,0.489
68286,1.983,32.766,1.37,32.766,2.038,0.497
68296,1.983,32.766,1.37,32.766,2.038,0.497
68306,1.983,32.766,1.37,32.766,2.038,0.497
68316,1.983,32.766,1.37,32.766,2.038,0.497
68326,1.983,32.766,1.37,32.766,2.038,0.497
68336,1.983,32.766,1.37,32.766,2.038,0.503
68346,1.983,32.766,1.37,32.766,2.038,0.503
68356,1.982,32.766,1.37,32.766,2.038,0.503
68366,1.982,32.766,1.37,32.766,2.015,0.503
68376,1.982,32.766,1.377,32.766,2.015,0.503
68386,1.982,32.766,1.377,32.766,2.015,0.514
68396,1.982,32.766,1.377,32.766,2.015,0.514
68406,1.982,32.766,1.377,32.766,2.015,0.514
68416,1.982,32.766,1.377,32.766,2.015,0.514
68426,1.982,32.766,1.377,32.766,2.015,0.516
68436,1.982,32.766,1.377,32.766,2.015,0.516
68446,1.982,32.766,1.377,32.766,2.015,0.516
68456,1.963,32.766,1.377,32.766,2.015,0.516
68466,1.963,32.766,1.377,32.766,2.003,0.516
68476,1.963,32.766,1.368,32.766,2.003,0.516
68486,1.963,32.766,1.368,32.766,2.003,0.516
68496,1.963,32.766,1.368,32.766,2.003,0.516
68506,1.963,32.766,1.368,32.766,2.003,0.516
68516,1.963,32.766,1.368,32.766,2.003,0.516
68526,1.963,32.766,1.368,32.766,2.003,0.516
68536,1.963,32.766,1.368,32.766,2.003,0.523
68546,1.963,32.766,1.368,32.766,2.003,0.523
68556,1.961,32.766,1.368,32.766,2.003,0.523
68566,1.961,32.766,1.368,32.766,2.007,0.523
68576,1.961,32.766,1.363,32.766,2.007,0.523
68586,1.961,32.766,1.363,32.766,2.007,0.523
68596,1.961,32.766,1.363,32.766,2.007,0.523
68606,1.961,32.766,1.363,32.766,2.007,0.523
68616,1.961,32.766,1.363,32.766,2.007,0.523
68626,1.961,32.766,1.363,32.766,2.007,0.523
68636,1.961,32.766,1.363,32.766,2.007,0.529
68646,1.961,32.766,1.363,32.766,2.007,0.529
68656,1.939,32.766,1.363,32.766,2.007,0.529
68666,1.939,32.766,1.363,32.766,1.998,0.529
68676,1.939,32.766,32.766,32.766,1.998,0.529
68686,1.939,32.766,32.766,32.766,1.998,0.527
68696,1.939,32.766,32.766,32.766,1.998,0.527
68706,1.939,32.766,32.766,32.766,1.998,0.527
68716,1.939,32.766,32.766,32.766,1.998,0.527
68726,1.939,32.766,32.766,32.766,1.998,0.528
68736,1.939,32.766,32.766,32.766,1.998,0.528
68746,1.939,32.766,32.766,32.766,1.998,0.528
68756,1.935,32.766,32.766,32.766,1.998,0.528
68766,1.935,32.766,32.766,32.766,2.009,0.528
68776,1.935,32.766,32.766,32.766,2.009,0.528
68786,1.935,32.766,32.766,32.766,2.009,0.529
68796,1.935,32.766,32.766,32.766,2.009,0.529
68806,1.935,32.766,32.766,32.766,2.009,0.529
68816,1.935,32.766,32.766,32.766,2.009,0.529
68826,1.935,32.766,32.766,32.766,2.009,0.529
68836,1.935,32.766,32.766,32.766,2.009,0.529
68846,1.935,32.766,32.766,32.766,2.009,0.529
68856,1.907,32.766,32.766,32.766,2.009,0.529
68866,1.907,32.766,32.766,32.766,2.007,0.529
68876,1.907,32.766,32.766,32.766,2.007,0.529
68886,1.907,32.766,32.766,32.766,2.007,0.528
68896,1.907,32.766,32.766,32.766,2.007,0.528
68906,1.907,32.766,32.766,32.766,2.007,0.528
68916,1.907,32.766,32.766,32.766,2.007,0.528
68926,1.907,32.766,32.766,32.766,2.007,0.528
68936,1.907,32.766,32.766,32.766,2.007,0.527
68946,1.907,32.766,32.766,32.766,2.007,0.527
68956,1.913,32.766,32.766,32.766,2.007,0.527
68966,1.913,32.766,32.766,32.766,2.01,0.527
68976,1.913,32.766,32.766,32.766,2.01,0.527
68986,1.913,32.766,32.766,32.766,2.01,0.523
68996,1.913,32.766,32.766,32.766,2.01,0.523
69006,1.913,32.766,32.766,32.766,2.01,0.523
69016,1.913,32.766,32.766,32.766,2.01,0.523
69026,1.913,32.766,32.766,32.766,2.01,0.523
69036,1.913,32.766,32.766,32.766,2.01,0.523
69046,1.913,32.766,32.766,32.766,2.01,0.523
69056,1.9,32.766,32.766,32.766,2.01,0.523
69066,1.9,32.766,32.766,32.766,2.012,0.523
69076,1.9,32.766,1.358,32.766,2.012,0.523
69086,1.9,32.766,1.358,32.766,2.012,0.517
69096,1.9,32.766,1.358,32.766,2.012,0.517
69106,1.9,32.766,1.358,32.766,2.012,0.517
69116,1.9,32.766,1.358,32.766,2.012,0.517
69126,1.9,32.766,1.358,32.766,2.012,0.517
69136,1.9,32.766,1.358,32.766,2.012,0.516
69146,1.9,32.766,1.358,32.766,2.012,0.516
69156,1.907,32.766,1.358,32.766,2.012,0.516
69166,1.907,32.766,1.358,32.766,2.022,0.516
69176,1.907,32.766,32.766,32.766,2.022,0.516
69186,1.907,32.766,32.766,32.766,2.022,0.515
69196,1.907,32.766,32.766,32.766,2.022,0.515
69206,1.907,32.766,32.766,32.766,2.022,0.515
69216,1.907,32.766,32.766,32.766,2.022,0.515
69226,1.907,32.766,32.766,32.766,2.022,0.515
69236,1.907,32.766,32.766,32.766,2.022,0.514
69246,1.907,32.766,32.766,32.766,2.022,0.514
69256,1.916,32.766,32.766,32.766,2.022,0.514
69266,1.916,32.766,32.766,32.766,2.007,0.514
69276,1.916,32.766,32.766,32.766,2.007,0.514
69286,1.916,32.766,32.766,32.766,2.007,0.51
69296,1.916,32.766,32.766,32.766,2.007,0.51
69306,1.916,32.766,32.766,32.766,2.007,0.51
69316,1.916,32.766,32.766,32.766,2.007,0.51
69326,1.916,32.766,32.766,32.766,2.007,0.51
69336,1.916,32.766,32.766,32.766,2.007,0.508
69346,1.916,32.766,32.766,32.766,2.007,0.508
69356,1.91,32.766,32.766,32.766,2.007,0.508
69366,1.91,32.766,32.766,32.766,2.013,0.508
69376,1.91,32.766,32.766,32.766,2.013,0.508
69386,1.91,32.766,32.766,32.766,2.013,0.507
69396,1.91,32.766,32.766,32.766,2.013,0.507
69406,1.91,32.766,32.766,32.766,2.013,0.507
69416,1.91,32.766,32.766,32.766,2.013,0.507
69426,1.91,32.766,32.766,32.766,2.013,0.507
69436,1.91,32.766,32.766,32.766,2.013,0.508
69446,1.91,32.766,32.766,32.766,2.013,0.508
69456,1.935,32.766,32.766,32.766,2.013,0.508
69466,1.935,32.766,32.766,32.766,2.017,0.508
69476,1.935,32.766,32.766,32.766,2.017,0.508
69486,1.935,32.766,32.766,32.766,2.017,0.515
69496,1.935,32.766,32.766,32.766,2.017,0.515
69506,1.935,32.766,32.766,32.766,2.017,0.515
69516,1.935,32.766,32.766,32.766,2.017,0.515
69526,1.935,32.766,32.766,32.766,2.017,0.515
69536,1.935,32.766,32.766,32.766,2.017,0.512
69546,1.935,32.766,32.766,32.766,2.017,0.512
69556,1.936,32.766,32.766,32.766,2.017,0.512
69566,1.936,32.766,32.766,32.766,1.999,0.512
69576,1.936,32.766,32.766,32.766,1.999,0.512
69586,1.936,32.766,32.766,0.936,1.999,0.516
69596,1.936,32.766,32.766,0.936,1.999,0.516
69606,1.936,32.766,32.766,0.936,1.999,0.516
69616,1.936,32.766,32.766,0.936,1.999,0.516
69626,1.936,32.766,32.766,0.936,1.999,0.516
69636,1.936,32.766,32.766,0.936,1.999,0.518
69646,1.936,32.766,32.766,0.936,1.999,0.518
69656,1.931,32.766,32.766,0.936,1.999,0.518
69666,1.931,32.766,32.766,0.936,2.01,0.518
69676,1.931,32.766,1.371,0.936,2.01,0.518
69686,1.931,32.766,1.371,0.926,2.01,0.52
69696,1.931,32.766,1.371,0.926,2.01,0.52
69706,1.931,32.766,1.371,0.926,2.01,0.52
69716,1.931,32.766,1.371,0.926,2.01,0.52
69726,1.931,32.766,1.371,0.926,2.01,0.52
69736,1.931,32.766,1.371,0.926,2.01,0.525
69746,1.931,32.766,1.371,0.926,2.01,0.525
69756,1.917,32.766,1.371,0.926,2.01,0.525
69766,1.917,32.766,1.371,0.926,1.999,0.525
69776,1.917,32.766,1.369,0.926,1.999,0.525
69786,1.917,32.766,1.369,0.942,1.999,0.524
69796,1.917,32.766,1.369,0.942,1.999,0.524
69806,1.917,32.766,1.369,0.942,1.999,0.524
69816,1.917,32.766,1.369,0.942,1.999,0.524
69826,1.917,32.766,1.369,0.942,1.999,0.524
69836,1.917,32.766,1.369,0.942,1.999,0.527
69846,1.917,32.766,1.369,0.942,1.999,0.527
69856,1.908,32.766,1.369,0.942,1.999,0.527
69866,1.908,32.766,1.369,0.942,2.0,0.527
69876,1.908,32.766,32.766,0.942,2.0,0.527
69886,1.908,32.766,32.766,0.926,2.0,0.531
69896,1.908,32.766,32.766,0.926,2.0,0.531
69906,1.908,32.766,32.766,0.926,2.0,0.531
69916,1.908,32.766,32.766,0.926,2.0,0.531
69926,1.908,32.766,32.766,0.926,2.0,0.531
69936,1.908,32.766,32.766,0.926,2.0,0.524
69946,1.908,32.766,32.766,0.926,2.0,0.524
69956,1.899,2.8,32.766,0.926,2.0,0.524
69966,1.899,2.8,32.766,0.926,1.993,0.524
69976,1.899,2.8,32.766,0.926,1.993,0.524
69986,1.899,2.8,32.766,0.948,1.993,0.528
69996,1.899,2.8,32.766,0.948,1.993,0.528
70006,1.899,2.8,32.766,0.948,1.993,0.528
70016,1.899,2.8,32.766,0.948,1.993,0.528
70026,1.899,2.8,32.766,0.948,1.993,0.528
70036,1.899,2.8,32.766,0.948,1.993,0.524
70046,1.899,2.8,32.766,0.948,1.993,0.524
70056,32.766,32.766,32.766,0.948,1.993,0.524
70066,32.766,32.766,32.766,0.948,2.006,0.524
70076,32.766,32.766,1.415,0.948,2.006,0.524
70086,32.766,32.766,1.415,1.026,2.006,0.522
70096,32.766,32.766,1.415,1.026,2.006,0.522
70106,32.766,32.766,1.415,1.026,2.006,0.522
70116,32.766,32.766,1.415,1.026,2.006,0.522
70126,32.766,32.766,1.415,1.026,2.006,0.522
70136,32.766,32.766,1.415,1.026,2.006,0.524
70146,32.766,32.766,1.415,1.026,2.006,0.524
70156,32.766,32.766,1.415,1.026,2.006,0.524
70166,32.766,32.766,1.415,1.026,2.003,0.524
70176,32.766,32.766,32.766,1.026,2.003,0.524
70186,32.766,32.766,32.766,1.034,2.003,0.518
70196,32.766,32.766,32.766,1.034,2.003,0.518
70206,32.766,32.766,32.766,1.034,2.003,0.518
70216,32.766,32.766,32.766,1.034,2.003,0.518
70226,32.766,32.766,32.766,1.034,2.003,0.518
70236,32.766,32.766,32.766,1.034,2.003,0.518
70246,32.766,32.766,32.766,1.034,2.003,0.518
70256,0.8,32.766,32.766,1.034,2.003,0.518
70266,0.8,32.766,32.766,1.034,2.025,0.518
70276,0.8,32.766,32.766,1.034,2.025,0.518
70286,0.8,32.766,32.766,32.766,2.025,0.517
70296,0.8,32.766,32.766,32.766,2.025,0.517
70306,0.8,32.766,32.766,32.766,2.025,0.517
70316,0.8,32.766,32.766,32.766,2.025,0.517
70326,0.8,32.766,32.766,32.766,2.025,0.517
70336,0.8,32.766,32.766,32.766,2.025,0.519
70346,0.8,32.766,32.766,32.766,2.025,0.519
70356,0.783,32.766,32.766,32.766,2.025,0.519
70366,0.783,32.766,32.766,32.766,2.013,0.519
70376,0.783,32.766,32.766,32.766,2.013,0.519
70386,0.783,32.766,32.766,0.935,2.013,0.521
70396,0.783,32.766,32.766,0.935,2.013,0.521
70406,0.783,32.766,32.766,0.935,2.013,0.521
70416,0.783,32.766,32.766,0.935,2.013,0.521
70426,0.783,32.766,32.766,0.935,2.013,0.521
70436,0.783,32.766,32.766,0.935,2.013,0.524
70446,0.783,32.766,32.766,0.935,2.013,0.524
70456,0.796,32.766,32.766,0.935,2.013,0.524
70466,0.796,32.766,32.766,0.935,2.014,0.524
70476,0.796,32.766,32.766,0.935,2.014,0.524
70486,0.796,32.766,32.766,0.932,2.014,0.522
70496,0.796,32.766,32.766,0.932,2.014,0.522
70506,0.796,32.766,32.766,0.932,2.014,0.522
70516,0.796,32.766,32.766,0.932,2.014,0.522
70526,0.796,32.766,32.766,0.932,2.014,0.522
70536,0.796,32.766,32.766,0.932,2.014,0.526
70546,0.796,32.766,32.766,0.932,2.014,0.526
70556,0.847,32.766,32.766,0.932,2.014,0.526
70566,0.847,32.766,32.766,0.932,1.989,0.526
70576,0.847,32.766,1.492,0.932,1.989,0.526
70586,0.847,32.766,1.492,1.211,1.989,0.525
70596,0.847,32.766,1.492,1.211,1.989,0.525
70606,0.847,32.766,1.492,1.211,1.989,0.525
70616,0.847,32.766,1.492,1.211,1.989,0.525
70626,0.847,32.766,1.492,1.211,1.989,0.526
70636,0.847,32.766,1.492,1.211,1.989,0.526
70646,0.847,32.766,1.492,1.211,1.989,0.526
70656,32.766,32.766,1.492,1.211,1.989,0.526
70667,32.766,32.766,1.492,1.211,2.002,0.526
70677,32.766,32.766,32.766,1.211,2.002,0.526
70687,32.766,32.766,32.766,1.32,2.002,0.529
70696,32.766,32.766,32.766,1.32,2.002,0.529
70706,32.766,32.766,32.766,1.32,2.002,0.529
70716,32.766,32.766,32.766,1.32,2.002,0.529
70726,32.766,32.766,32.766,1.32,2.002,0.529
70736,32.766,32.766,32.766,1.32,2.002,0.527
70746,32.766,32.766,32.766,1.32,2.002,0.527
70756,32.766,32.766,32.766,1.32,2.002,0.527
70766,32.766,32.766,32.766,1.32,2.0,0.527
70776,32.766,32.766,32.766,1.32,2.0,0.527
70786,32.766,32.766,32.766,1.316,2.0,0.527
70796,32.766,32.766,32.766,1.316,2.0,0.527
70806,32.766,32.766,32.766,1.316,2.0,0.527
70816,32.766,32.766,32.766,1.316,2.0,0.527
70826,32.766,32.766,32.766,1.316,2.0,0.527
70836,32.766,32.766,32.766,1.316,2.0,0.525
70846,32.766,32.766,32.766,1.316,2.0,0.525
70856,32.766,32.766,32.766,1.316,2.0,0.525
70866,32.766,32.766,32.766,1.316,1.994,0.525
70876,32.766,32.766,32.766,1.316,1.994,0.525
70886,32.766,32.766,32.766,1.332,1.994,0.527
70896,32.766,32.766,32.766,1.332,1.994,0.527
70906,32.766,32.766,32.766,1.332,1.994,0.527
70916,32.766,32.766,32.766,1.332,1.994,0.527
70926,32.766,32.766,32.766,1.332,1.994,0.527
70936,32.766,32.766,32.766,1.332,1.994,0.527
70946,32.766,32.766,32.766,1.332,1.994,0.527
70956,32.766,32.766,32.766,1.332,1.994,0.527
70966,32.766,32.766,32.766,1.332,2.005,0.527
70976,32.766,32.766,32.766,1.332,2.005,0.527
70986,32.766,32.766,32.766,32.766,2.005,0.528
70996,32.766,32.766,32.766,32.766,2.005,0.528
71006,32.766,32.766,32.766,32.766,2.005,0.528
71016,32.766,32.766,32.766,32.766,2.005,0.528
71026,32.766,32.766,32.766,32.766,2.005,0.528
71036,32.766,32.766,32.766,32.766,2.005,0.529
71046,32.766,32.766,32.766,32.766,2.005,0.529
71056,1.382,32.766,32.766,32.766,2.005,0.529
71066,1.382,32.766,32.766,32.766,2.0,0.529
71076,1.382,32.766,32.766,32.766,2.0,0.529
71086,1.382,32.766,32.766,32.766,2.0,0.529
71096,1.382,32.766,32.766,32.766,2.0,0.529
71106,1.382,32.766,32.766,32.766,2.0,0.529
71116,1.382,32.766,32.766,32.766,2.0,0.529
71126,1.382,32.766,32.766,32.766,2.0,0.529
71136,1.382,32.766,32.766,32.766,2.0,0.525
71146,1.382,32.766,32.766,32.766,2.0,0.525
71156,1.375,32.766,32.766,32.766,2.0,0.525
71166,1.375,32.766,32.766,32.766,2.005,0.525
71176,1.375,32.766,32.766,32.766,2.005,0.525
71186,1.375,32.766,32.766,1.938,2.005,0.53
71196,1.375,32.766,32.766,1.938,2.005,0.53
71206,1.375,32.766,32.766,1.938,2.005,0.53
71216,1.375,32.766,32.766,1.938,2.005,0.53
71226,1.375,32.766,32.766,1.938,2.005,0.53
71236,1.375,32.766,32.766,1.938,2.005,0.528
71246,1.375,32.766,32.766,1.938,2.005,0.528
71256,1.391,32.766,32.766,1.938,2.005,0.528
71266,1.391,32.766,32.766,1.938,1.983,0.528
71276,1.391,32.766,32.766,1.938,1.983,0.528
71286,1.391,32.766,32.766,32.766,1.983,0.531
71296,1.391,32.766,32.766,32.766,1.983,0.531
71306,1.391,32.766,32.766,32.766,1.983,0.531
71316,1.391,32.766,32.766,32.766,1.983,0.531
71326,1.391,32.766,32.766,32.766,1.983,0.531
71336,1.391,32.766,32.766,32.766,1.983,0.527
71346,1.391,32.766,32.766,32.766,1.983,0.527
71356,32.766,32.766,32.766,32.766,1.983,0.527
71366,32.766,32.766,32.766,32.766,1.997,0.527
71376,32.766,32.766,32.766,32.766,1.997,0.527
71386,32.766,32.766,32.766,32.766,1.997,0.528
71396,32.766,32.766,32.766,32.766,1.997,0.528
71406,32.766,32.766,32.766,32.766,1.997,0.528
71416,32.766,32.766,32.766,32.766,1.997,0.528
71426,32.766,32.766,32.766,32.766,1.997,0.528
71436,32.766,32.766,32.766,32.766,1.997,0.527
71446,32.766,32.766,32.766,32.766,1.997,0.527
71456,32.766,1.686,32.766,32.766,1.997,0.527
71466,32.766,1.686,32.766,32.766,2.003,0.527
71476,32.766,1.686,32.766,32.766,2.003,0.527
71486,32.766,1.686,32.766,0.817,2.003,0.525
71496,32.766,1.686,32.766,0.817,2.003,0.525
71506,32.766,1.686,32.766,0.817,2.003,0.525
71516,32.766,1.686,32.766,0.817,2.003,0.525
71526,32.766,1.686,32.766,0.817,2.003,0.525
71536,32.766,1.686,32.766,0.817,2.003,0.524
71546,32.766,1.686,32.766,0.817,2.003,0.524
71556,32.766,1.652,32.766,0.817,2.003,0.524
71566,32.766,1.652,32.766,0.817,1.999,0.524
71576,32.766,1.652,32.766,0.817,1.999,0.524
71586,32.766,1.652,32.766,0.827,1.999,0.525
71596,32.766,1.652,32.766,0.827,1.999,0.525
71606,32.766,1.652,32.766,0.827,1.999,0.525
71616,32.766,1.652,32.766,0.827,1.999,0.525
71626,32.766,1.652,32.766,0.827,1.999,0.525
71636,32.766,1.652,32.766,0.827,1.999,0.52
71646,32.766,1.652,32.766,0.827,1.999,0.52
71656,1.508,32.766,32.766,0.827,1.999,0.52
71666,1.508,32.766,32.766,0.827,2.004,0.52
71676,1.508,32.766,32.766,0.827,2.004,0.52
71686,1.508,32.766,32.766,0.867,2.004,0.517
71696,1.508,32.766,32.766,0.867,2.004,0.517
71706,1.508,32.766,32.766,0.867,2.004,0.517
71716,1.508,32.766,32.766,0.867,2.004,0.517
71726,1.508,32.766,32.766,0.867,2.004,0.517
71736,1.508,32.766,32.766,0.867,2.004,0.518
71746,1.508,32.766,32.766,0.867,2.004,0.518
71756,1.457,32.766,32.766,0.867,2.004,0.518
71766,1.457,32.766,32.766,0.867,2.002,0.518
71776,1.457,32.766,32.766,0.867,2.002,0.518
71786,1.457,32.766,32.766,1.045,2.002,0.516
71796,1.457,32.766,32.766,1.045,2.002,0.516
71806,1.457,32.766,32.766,1.045,2.002,0.516
71816,1.457,32.766,32.766,1.045,2.002,0.516
71826,1.457,32.766,32.766,1.045,2.002,0.52
71836,1.457,32.766,32.766,1.045,2.002,0.52
71846,1.457,32.766,32.766,1.045,2.002,0.52
71856,1.517,0.73,32.766,1.045,2.002,0.52
71866,1.517,0.73,32.766,1.045,2.02,0.52
71876,1.517,0.73,32.766,1.045,2.02,0.52
71886,1.517,0.73,32.766,32.766,2.02,0.52
71896,1.517,0.73,32.766,32.766,2.02,0.52
71906,1.517,0.73,32.766,32.766,2.02,0.52
71916,1.517,0.73,32.766,32.766,2.02,0.52
71926,1.517,0.73,32.766,32.766,2.02,0.52
71936,1.517,0.73,32.766,32.766,2.02,0.523
71946,1.517,0.73,32.766,32.766,2.02,0.523
71956,32.766,0.722,32.766,32.766,2.02,0.523
71966,32.766,0.722,32.766,32.766,2.012,0.523
71976,32.766,0.722,32.766,32.766,2.012,0.523
71986,32.766,0.722,32.766,32.766,2.012,0.528
71996,32.766,0.722,32.766,32.766,2.012,0.528
72006,32.766,0.722,32.766,32.766,2.012,0.528
72016,32.766,0.722,32.766,32.766,2.012,0.528
72026,32.766,0.722,32.766,32.766,2.012,0.528
72036,32.766,0.722,32.766,32.766,2.012,0.529
72046,32.766,0.722,32.766,32.766,2.012,0.529
72056,2.354,0.762,32.766,32.766,2.012,0.529
72066,2.354,0.762,32.766,32.766,2.015,0.529
72076,2.354,0.762,32.766,32.766,2.015,0.529
72086,2.354,0.762,32.766,32.766,2.015,0.528
72096,2.354,0.762,32.766,32.766,2.015,0.528
72106,2.354,0.762,32.766,32.766,2.015,0.528
72116,2.354,0.762,32.766,32.766,2.015,0.528
72126,2.354,0.762,32.766,32.766,2.015,0.528
72136,2.354,0.762,32.766,32.766,2.015,0.526
72146,2.354,0.762,32.766,32.766,2.015,0.526
72156,32.766,0.824,32.766,32.766,2.015,0.526
72166,32.766,0.824,32.766,32.766,2.013,0.526
72176,32.766,0.824,32.766,32.766,2.013,0.526
72186,32.766,0.824,32.766,1.382,2.013,0.521
72196,32.766,0.824,32.766,1.382,2.013,0.521
72206,32.766,0.824,32.766,1.382,2.013,0.521
72216,32.766,0.824,32.766,1.382,2.013,0.521
72226,32.766,0.824,32.766,1.382,2.013,0.51
72236,32.766,0.824,32.766,1.382,2.013,0.51
72246,32.766,0.824,32.766,1.382,2.013,0.51
72256,32.766,0.846,32.766,1.382,2.013,0.51
72266,32.766,0.846,32.766,1.382,2.015,0.51
72276,32.766,0.846,32.766,1.382,2.015,0.51
72286,32.766,0.846,32.766,1.369,2.015,0.501
72296,32.766,0.846,32.766,1.369,2.015,0.501
72306,32.766,0.846,32.766,1.369,2.015,0.501
72316,32.766,0.846,32.766,1.369,2.015,0.501
72326,32.766,0.846,32.766,1.369,2.015,0.501
72336,32.766,0.846,32.766,1.369,2.015,0.488
72346,32.766,0.846,32.766,1.369,2.015,0.488
72356,32.766,0.898,32.766,1.369,2.015,0.488
72366,32.766,0.898,32.766,1.369,2.012,0.488
72376,32.766,0.898,32.766,1.369,2.012,0.488
72386,32.766,0.898,32.766,1.382,2.012,0.484
72396,32.766,0.898,32.766,1.382,2.012,0.484
72406,32.766,0.898,32.766,1.382,2.012,0.484
72416,32.766,0.898,32.766,1.382,2.012,0.484
72426,32.766,0.898,32.766,1.382,2.012,0.484
72436,32.766,0.898,32.766,1.382,2.012,0.482
72446,32.766,0.898,32.766,1.382,2.012,0.482
72456,32.766,32.766,32.766,1.382,2.012,0.482
72466,32.766,32.766,32.766,1.382,2.027,0.482
72476,32.766,32.766,32.766,1.382,2.027,0.482
72486,32.766,32.766,32.766,32.766,2.027,0.482
72496,32.766,32.766,32.766,32.766,2.027,0.482
72506,32.766,32.766,32.766,32.766,2.027,0.482
72516,32.766,32.766,32.766,32.766,2.027,0.482
72526,32.766,32.766,32.766,32.766,2.027,0.483
72536,32.766,32.766,32.766,32.766,2.027,0.483
72546,32.766,32.766,32.766,32.766,2.027,0.483
72556,32.766,1.898,32.766,32.766,2.027,0.483
72566,32.766,1.898,32.766,32.766,2.013,0.483
72576,32.766,1.898,32.766,32.766,2.013,0.483
72586,32.766,1.898,32.766,32.766,2.013,0.479
72596,32.766,1.898,32.766,32.766,2.013,0.479
72606,32.766,1.898,32.766,32.766,2.013,0.479
72616,32.766,1.898,32.766,32.766,2.013,0.479
72626,32.766,1.898,32.766,32.766,2.013,0.479
72636,32.766,1.898,32.766,32.766,2.013,0.48
72646,32.766,1.898,32.766,32.766,2.013,0.48
72656,32.766,32.766,32.766,32.766,2.013,0.48
72666,32.766,32.766,32.766,32.766,2.007,0.48
72676,32.766,32.766,32.766,32.766,2.007,0.48
72686,32.766,32.766,32.766,32.766,2.007,0.479
72696,32.766,32.766,32.766,32.766,2.007,0.479
72706,32.766,32.766,32.766,32.766,2.007,0.479
72716,32.766,32.766,32.766,32.766,2.007,0.479
72726,32.766,32.766,32.766,32.766,2.007,0.479
72736,32.766,32.766,32.766,32.766,2.007,0.48
72746,32.766,32.766,32.766,32.766,2.007,0.48
72756,2.669,1.821,32.766,32.766,2.007,0.48
72766,2.669,1.821,32.766,32.766,1.98,0.48
72776,2.669,1.821,32.766,32.766,1.98,0.48
72786,2.669,1.821,32.766,32.766,1.98,0.479
72796,2.669,1.821,32.766,32.766,1.98,0.479
72806,2.669,1.821,32.766,32.766,1.98,0.479
72816,2.669,1.821,32.766,32.766,1.98,0.479
72826,2.669,1.821,32.766,32.766,1.98,0.479
72836,2.669,1.821,32.766,32.766,1.98,0.478
72846,2.669,1.821,32.766,32.766,1.98,0.478
72856,32.766,32.766,32.766,32.766,1.98,0.478
72866,32.766,32.766,32.766,32.766,1.966,0.478
72876,32.766,32.766,32.766,32.766,1.966,0.478
72886,32.766,32.766,32.766,32.766,1.966,0.482
72896,32.766,32.766,32.766,32.766,1.966,0.482
72906,32.766,32.766,32.766,32.766,1.966,0.482
72916,32.766,32.766,32.766,32.766,1.966,0.482
72926,32.766,32.766,32.766,32.766,1.966,0.482
72936,32.766,32.766,32.766,32.766,1.966,0.486
72946,32.766,32.766,32.766,32.766,1.966,0.486
72956,32.766,32.766,32.766,32.766,1.966,0.486
72966,32.766,32.766,32.766,32.766,1.96,0.486
72976,32.766,32.766,32.766,32.766,1.96,0.486
72986,32.766,32.766,32.766,32.766,1.96,0.484
72996,32.766,32.766,32.766,32.766,1.96,0.484
73006,32.766,32.766,32.766,32.766,1.96,0.484
73016,32.766,32.766,32.766,32.766,1.96,0.484
73026,32.766,32.766,32.766,32.766,1.96,0.484
73036,32.766,32.766,32.766,32.766,1.96,0.492
73046,32.766,32.766,32.766,32.766,1.96,0.492
73056,2.607,32.766,32.766,32.766,1.96,0.492
73066,2.607,32.766,32.766,32.766,1.948,0.492
73076,2.607,32.766,32.766,32.766,1.948,0.492
73086,2.607,32.766,32.766,32.766,1.948,0.495
73096,2.607,32.766,32.766,32.766,1.948,0.495
73106,2.607,32.766,32.766,32.766,1.948,0.495
73116,2.607,32.766,32.766,32.766,1.948,0.495
73126,2.607,32.766,32.766,32.766,1.948,0.495
73136,2.607,32.766,32.766,32.766,1.948,0.507
73146,2.607,32.766,32.766,32.766,1.948,0.507
73156,32.766,32.766,32.766,32.766,1.948,0.507
73166,32.766,32.766,32.766,32.766,1.927,0.507
73176,32.766,32.766,32.766,32.766,1.927,0.507
73186,32.766,32.766,32.766,32.766,1.927,0.513
73196,32.766,32.766,32.766,32.766,1.927,0.513
73206,32.766,32.766,32.766,32.766,1.927,0.513
73216,32.766,32.766,32.766,32.766,1.927,0.513
73226,32.766,32.766,32.766,32.766,1.927,0.513
73236,32.766,32.766,32.766,32.766,1.927,0.52
73246,32.766,32.766,32.766,32.766,1.927,0.52
73256,32.766,0.278,32.766,32.766,1.927,0.52
73266,32.766,0.278,32.766,32.766,1.898,0.52
73276,32.766,0.278,32.766,32.766,1.898,0.52
73286,32.766,0.278,32.766,32.766,1.898,0.524
73296,32.766,0.278,32.766,32.766,1.898,0.524
73306,32.766,0.278,32.766,32.766,1.898,0.524
73316,32.766,0.278,32.766,32.766,1.898,0.524
73326,32.766,0.278,32.766,32.766,1.898,0.524
73336,32.766,0.278,32.766,32.766,1.898,0.528
73346,32.766,0.278,32.766,32.766,1.898,0.528
73356,2.646,0.242,32.766,32.766,1.898,0.528
73366,2.646,0.242,32.766,32.766,1.899,0.528
73376,2.646,0.242,32.766,32.766,1.899,0.528
73386,2.646,0.242,32.766,1.45,1.899,0.528
73396,2.646,0.242,32.766,1.45,1.899,0.528
73406,2.646,0.242,32.766,1.45,1.899,0.528
73416,2.646,0.242,32.766,1.45,1.899,0.528
73426,2.646,0.242,32.766,1.45,1.899,0.528
73436,2.646,0.242,32.766,1.45,1.899,0.536
73446,2.646,0.242,32.766,1.45,1.899,0.536
73456,32.766,0.217,32.766,1.45,1.899,0.536
73466,32.766,0.217,32.766,1.45,1.89,0.536
73476,32.766,0.217,32.766,1.45,1.89,0.536
73486,32.766,0.217,32.766,32.766,1.89,0.532
73496,32.766,0.217,32.766,32.766,1.89,0.532
73506,32.766,0.217,32.766,32.766,1.89,0.532
73516,32.766,0.217,32.766,32.766,1.89,0.532
73526,32.766,0.217,32.766,32.766,1.89,0.532
73536,32.766,0.217,32.766,32.766,1.89,0.532
73546,32.766,0.217,32.766,32.766,1.89,0.532
73556,32.766,0.18,32.766,32.766,1.89,0.532
73566,32.766,0.18,32.766,32.766,1.901,0.532
73576,32.766,0.18,32.766,32.766,1.901,0.532
73586,32.766,0.18,32.766,32.766,1.901,0.527
73596,32.766,0.18,32.766,32.766,1.901,0.527
73606,32.766,0.18,32.766,32.766,1.901,0.527
73616,32.766,0.18,32.766,32.766,1.901,0.527
73626,32.766,0.18,32.766,32.766,1.901,0.527
73636,32.766,0.18,32.766,32.766,1.901,0.525
73646,32.766,0.18,32.766,32.766,1.901,0.525
73656,32.766,0.157,32.766,32.766,1.901,0.525
73666,32.766,0.157,32.766,32.766,1.9,0.525
73676,32.766,0.157,32.766,32.766,1.9,0.525
73686,32.766,0.157,32.766,1.481,1.9,0.517
73696,32.766,0.157,32.766,1.481,1.9,0.517
73706,32.766,0.157,32.766,1.481,1.9,0.517
73716,32.766,0.157,32.766,1.481,1.9,0.517
73726,32.766,0.157,32.766,1.481,1.9,0.52
73736,32.766,0.157,32.766,1.481,1.9,0.52
73746,32.766,0.157,32.766,1.481,1.9,0.52
73756,2.627,0.156,32.766,1.481,1.9,0.52
73766,2.627,0.156,32.766,1.481,1.91,0.52
73776,2.627,0.156,32.766,1.481,1.91,0.52
73786,2.627,0.156,32.766,32.766,1.91,0.56
73796,2.627,0.156,32.766,32.766,1.91,0.56
73806,2.627,0.156,32.766,32.766,1.91,0.56
73816,2.627,0.156,32.766,32.766,1.91,0.56
73826,2.627,0.156,32.766,32.766,1.91,0.56
73836,2.627,0.156,32.766,32.766,1.91,0.582
73846,2.627,0.156,32.766,32.766,1.91,0.582
73856,2.471,0.174,32.766,32.766,1.91,0.582
73866,2.471,0.174,32.766,32.766,1.928,0.582
73876,2.471,0.174,32.766,32.766,1.928,0.582
73886,2.471,0.174,32.766,1.474,1.928,0.584
73896,2.471,0.174,32.766,1.474,1.928,0.584
73906,2.471,0.174,32.766,1.474,1.928,0.584
73916,2.471,0.174,32.766,1.474,1.928,0.584
73926,2.471,0.174,32.766,1.474,1.928,0.584
73936,2.471,0.174,32.766,1.474,1.928,0.57
73946,2.471,0.174,32.766,1.474,1.928,0.57
73956,32.766,0.177,32.766,1.474,1.928,0.57
73966,32.766,0.177,32.766,1.474,32.766,0.57
73976,32.766,0.177,32.766,1.474,32.766,0.57
73986,32.766,0.177,32.766,1.464,32.766,0.526
73996,32.766,0.177,32.766,1.464,32.766,0.526
74006,32.766,0.177,32.766,1.464,32.766,0.526
74016,32.766,0.177,32.766,1.464,32.766,0.526
74026,32.766,0.177,32.766,1.464,32.766,0.526
74036,32.766,0.177,32.766,1.464,32.766,0.463
74046,32.766,0.177,32.766,1.464,32.766,0.463
74056,2.476,0.187,32.766,1.464,32.766,0.463
74066,2.476,0.187,32.766,1.464,1.978,0.463
74076,2.476,0.187,32.766,1.464,1.978,0.463
74086,2.476,0.187,32.766,32.766,1.978,0.419
74096,2.476,0.187,32.766,32.766,1.978,0.419
74106,2.476,0.187,32.766,32.766,1.978,0.419
74116,2.476,0.187,32.766,32.766,1.978,0.419
74126,2.476,0.187,32.766,32.766,1.978,0.419
74136,2.476,0.187,32.766,32.766,1.978,0.368
74146,2.476,0.187,32.766,32.766,1.978,0.368
74156,2.406,0.197,32.766,32.766,1.978,0.368
74166,2.406,0.197,32.766,32.766,2.009,0.368
74176,2.406,0.197,32.766,32.766,2.009,0.368
74186,2.406,0.197,32.766,1.485,2.009,0.353
74196,2.406,0.197,32.766,1.485,2.009,0.353
74206,2.406,0.197,32.766,1.485,2.009,0.353
74216,2.406,0.197,32.766,1.485,2.009,0.353
74226,2.406,0.197,32.766,1.485,2.009,0.353
74236,2.406,0.197,32.766,1.485,2.009,0.351
74246,2.406,0.197,32.766,1.485,2.009,0.351
74256,2.362,0.235,32.766,1.485,2.009,0.351
74266,2.362,0.235,32.766,1.485,2.002,0.351
74276,2.362,0.235,32.766,1.485,2.002,0.351
74286,2.362,0.235,32.766,32.766,2.002,0.372
74296,2.362,0.235,32.766,32.766,2.002,0.372
74306,2.362,0.235,32.766,32.766,2.002,0.372
74316,2.362,0.235,32.766,32.766,2.002,0.372
74327,2.362,0.235,32.766,32.766,2.002,0.415
74336,2.362,0.235,32.766,32.766,2.002,0.415
74346,2.362,0.235,32.766,32.766,2.002,0.415
74356,2.354,0.31,32.766,32.766,2.002,0.415
74366,2.354,0.31,32.766,32.766,1.968,0.415
74376,2.354,0.31,32.766,32.766,1.968,0.415
74386,2.354,0.31,32.766,32.766,1.968,0.45
74396,2.354,0.31,32.766,32.766,1.968,0.45
74406,2.354,0.31,32.766,32.766,1.968,0.45
74416,2.354,0.31,32.766,32.766,1.968,0.45
74427,2.354,0.31,32.766,32.766,1.968,0.509
74436,2.354,0.31,32.766,32.766,1.968,0.509
74446,2.354,0.31,32.766,32.766,1.968,0.509
74457,32.766,0.46,32.766,32.766,1.968,0.509
74467,32.766,0.46,32.766,32.766,1.894,0.509
74477,32.766,0.46,32.766,32.766,1.894,0.509
74487,32.766,0.46,32.766,1.527,1.894,0.587
74496,32.766,0.46,32.766,1.527,1.894,0.587
74506,32.766,0.46,32.766,1.527,1.894,0.587
74516,32.766,0.46,32.766,1.527,1.894,0.587
74526,32.766,0.46,32.766,1.527,1.894,0.587
74536,32.766,0.46,32.766,1.527,1.894,0.718
74546,32.766,0.46,32.766,1.527,1.894,0.718
74556,32.766,0.665,32.766,1.527,1.894,0.718
74566,32.766,0.665,32.766,1.527,1.862,0.718
74576,32.766,0.665,32.766,1.527,1.862,0.718
74586,32.766,0.665,32.766,32.766,1.862,0.756
74596,32.766,0.665,32.766,32.766,1.862,0.756
74606,32.766,0.665,32.766,32.766,1.862,0.756
74616,32.766,0.665,32.766,32.766,1.862,0.756
74626,32.766,0.665,32.766,32.766,1.862,0.771
74636,32.766,0.665,32.766,32.766,1.862,0.771
74646,32.766,0.665,32.766,32.766,1.862,0.771
74656,32.766,0.851,32.766,32.766,1.862,0.771
74666,32.766,0.851,32.766,32.766,1.838,0.771
74676,32.766,0.851,32.766,32.766,1.838,0.771
74686,32.766,0.851,32.766,32.766,1.838,0.773
74696,32.766,0.851,32.766,32.766,1.838,0.773
74706,32.766,0.851,32.766,32.766,1.838,0.773
74716,32.766,0.851,32.766,32.766,1.838,0.773
74726,32.766,0.851,32.766,32.766,1.838,0.753
74736,32.766,0.851,32.766,32.766,1.838,0.753
74746,32.766,0.851,32.766,32.766,1.838,0.753
74756,32.766,0.943,32.766,32.766,1.838,0.753
74766,32.766,0.943,32.766,32.766,1.832,0.753
74776,32.766,0.943,32.766,32.766,1.832,0.753
74786,32.766,0.943,32.766,32.766,1.832,0.738
74796,32.766,0.943,32.766,32.766,1.832,0.738
74806,32.766,0.943,32.766,32.766,1.832,0.738
74816,32.766,0.943,32.766,32.766,1.832,0.738
74826,32.766,0.943,32.766,32.766,1.832,0.695
74836,32.766,0.943,32.766,32.766,1.832,0.695
74846,32.766,0.943,32.766,32.766,1.832,0.695
74856,32.766,0.992,32.766,32.766,1.832,0.695
74866,32.766,0.992,32.766,32.766,1.874,0.695
74876,32.766,0.992,32.766,32.766,1.874,0.695
74886,32.766,0.992,32.766,1.54,1.874,0.66
74896,32.766,0.992,32.766,1.54,1.874,0.66
74906,32.766,0.992,32.766,1.54,1.874,0.66
74916,32.766,0.992,32.766,1.54,1.874,0.66
74926,32.766,0.992,32.766,1.54,1.874,0.598
74936,32.766,0.992,32.766,1.54,1.874,0.598
74946,32.766,0.992,32.766,1.54,1.874,0.598
74956,32.766,1.023,32.766,1.54,1.874,0.598
74966,32.766,1.023,32.766,1.54,1.942,0.598
74976,32.766,1.023,32.766,1.54,1.942,0.598
74986,32.766,1.023,32.766,32.766,1.942,0.548
74996,32.766,1.023,32.766,32.766,1.942,0.548
75006,32.766,1.023,32.766,32.766,1.942,0.548
75016,32.766,1.023,32.766,32.766,1.942,0.548
75026,32.766,1.023,32.766,32.766,1.942,0.548
75036,32.766,1.023,32.766,32.766,1.942,0.487
75046,32.766,1.023,32.766,32.766,1.942,0.487
75056,2.093,1.044,32.766,32.766,1.942,0.487
75066,2.093,1.044,32.766,32.766,32.766,0.487
75076,2.093,1.044,32.766,32.766,32.766,0.487
75086,2.093,1.044,32.766,1.534,32.766,0.453
75096,2.093,1.044,32.766,1.534,32.766,0.453
75106,2.093,1.044,32.766,1.534,32.766,0.453
75116,2.093,1.044,32.766,1.534,32.766,0.453
75126,2.093,1.044,32.766,1.534,32.766,0.453
75136,2.093,1.044,32.766,1.534,32.766,0.428
75146,2.093,1.044,32.766,1.534,32.766,0.428
75156,2.063,1.05,32.766,1.534,32.766,0.428
75166,2.063,1.05,32.766,1.534,2.081,0.428
75176,2.063,1.05,32.766,1.534,2.081,0.428
75186,2.063,1.05,32.766,1.54,2.081,0.431
75196,2.063,1.05,32.766,1.54,2.081,0.431
75206,2.063,1.05,32.766,1.54,2.081,0.431
75216,2.063,1.05,32.766,1.54,2.081,0.431
75226,2.063,1.05,32.766,1.54,2.081,0.431
75236,2.063,1.05,32.766,1.54,2.081,0.431
75246,2.063,1.05,32.766,1.54,2.081,0.431
75256,2.069,1.046,32.766,1.54,2.081,0.431
75266,2.069,1.046,32.766,1.54,32.766,0.431
75276,2.069,1.046,32.766,1.54,32.766,0.431
75286,2.069,1.046,32.766,1.538,32.766,0.42
75296,2.069,1.046,32.766,1.538,32.766,0.42
75306,2.069,1.046,32.766,1.538,32.766,0.42
75316,2.069,1.046,32.766,1.538,32.766,0.42
75326,2.069,1.046,32.766,1.538,32.766,0.42
75336,2.069,1.046,32.766,1.538,32.766,0.416
75346,2.069,1.046,32.766,1.538,32.766,0.416
75356,2.084,1.031,32.766,1.538,32.766,0.416
75366,2.084,1.031,32.766,1.538,2.066,0.416
75376,2.084,1.031,32.766,1.538,2.066,0.416
75386,2.084,1.031,32.766,1.532,2.066,0.42
75396,2.084,1.031,32.766,1.532,2.066,0.42
75406,2.084,1.031,32.766,1.532,2.066,0.42
75416,2.084,1.031,32.766,1.532,2.066,0.42
75426,2.084,1.031,32.766,1.532,2.066,0.42
75436,2.084,1.031,32.766,1.532,2.066,0.428
75446,2.084,1.031,32.766,1.532,2.066,0.428
75456,2.075,1.025,32.766,1.532,2.066,0.428
75466,2.075,1.025,32.766,1.532,2.046,0.428
75476,2.075,1.025,32.766,1.532,2.046,0.428
75486,2.075,1.025,32.766,1.554,2.046,0.443
75496,2.075,1.025,32.766,1.554,2.046,0.443
75506,2.075,1.025,32.766,1.554,2.046,0.443
75516,2.075,1.025,32.766,1.554,2.046,0.443
75526,2.075,1.025,32.766,1.554,2.046,0.443
75536,2.075,1.025,32.766,1.554,2.046,0.471
75546,2.075,1.025,32.766,1.554,2.046,0.471
75556,2.038,1.046,32.766,1.554,2.046,0.471
75566,2.038,1.046,32.766,1.554,2.068,0.471
75576,2.038,1.046,32.766,1.554,2.068,0.471
75586,2.038,1.046,32.766,32.766,2.068,0.49
75596,2.038,1.046,32.766,32.766,2.068,0.49
75606,2.038,1.046,32.766,32.766,2.068,0.49
75616,2.038,1.046,32.766,32.766,2.068,0.49
75626,2.038,1.046,32.766,32.766,2.068,0.499
75636,2.038,1.046,32.766,32.766,2.068,0.499
75646,2.038,1.046,32.766,32.766,2.068,0.499
75656,2.045,1.073,32.766,32.766,2.068,0.499
75666,2.045,1.073,32.766,32.766,32.766,0.499
75676,2.045,1.073,32.766,32.766,32.766,0.499
75686,2.045,1.073,32.766,1.532,32.766,0.504
75696,2.045,1.073,32.766,1.532,32.766,0.504
75706,2.045,1.073,32.766,1.532,32.766,0.504
75716,2.045,1.073,32.766,1.532,32.766,0.504
75726,2.045,1.073,32.766,1.532,32.766,0.504
75736,2.045,1.073,32.766,1.532,32.766,0.505
75746,2.045,1.073,32.766,1.532,32.766,0.505
75756,2.022,1.064,32.766,1.532,32.766,0.505
75766,2.022,1.064,32.766,1.532,2.025,0.505
75776,2.022,1.064,32.766,1.532,2.025,0.505
75786,2.022,1.064,32.766,32.766,2.025,0.501
75796,2.022,1.064,32.766,32.766,2.025,0.501
75806,2.022,1.064,32.766,32.766,2.025,0.501
75816,2.022,1.064,32.766,32.766,2.025,0.501
75826,2.022,1.064,32.766,32.766,2.025,0.501
75836,2.022,1.064,32.766,32.766,2.025,0.495
75846,2.022,1.064,32.766,32.766,2.025,0.495
75856,2.03,32.766,32.766,32.766,2.025,0.495
75866,2.03,32.766,32.766,32.766,2.056,0.495
75876,2.03,32.766,32.766,32.766,2.056,0.495
75886,2.03,32.766,32.766,1.55,2.056,0.485
75896,2.03,32.766,32.766,1.55,2.056,0.485
75906,2.03,32.766,32.766,1.55,2.056,0.485
75916,2.03,32.766,32.766,1.55,2.056,0.485
75926,2.03,32.766,32.766,1.55,2.056,0.468
75936,2.03,32.766,32.766,1.55,2.056,0.468
75946,2.03,32.766,32.766,1.55,2.056,0.468
75956,2.028,0.971,32.766,1.55,2.056,0.468
75966,2.028,0.971,32.766,1.55,2.054,0.468
75976,2.028,0.971,32.766,1.55,2.054,0.468
75986,2.028,0.971,32.766,32.766,2.054,0.461
75996,2.028,0.971,32.766,32.766,2.054,0.461
76006,2.028,0.971,32.766,32.766,2.054,0.461
76016,2.028,0.971,32.766,32.766,2.054,0.461
76026,2.028,0.971,32.766,32.766,2.054,0.461
76036,2.028,0.971,32.766,32.766,2.054,0.449
76046,2.028,0.971,32.766,32.766,2.054,0.449
76056,2.017,32.766,32.766,32.766,2.054,0.449
76066,2.017,32.766,32.766,32.766,2.087,0.449
76076,2.017,32.766,32.766,32.766,2.087,0.449
76086,2.017,32.766,32.766,1.542,2.087,0.444
76096,2.017,32.766,32.766,1.542,2.087,0.444
76106,2.017,32.766,32.766,1.542,2.087,0.444
76116,2.017,32.766,32.766,1.542,2.087,0.444
76126,2.017,32.766,32.766,1.542,2.087,0.444
76136,2.017,32.766,32.766,1.542,2.087,0.441
76146,2.017,32.766,32.766,1.542,2.087,0.441
76156,2.013,32.766,32.766,1.542,2.087,0.441
76166,2.013,32.766,32.766,1.542,2.112,0.441
76176,2.013,32.766,32.766,1.542,2.112,0.441
76186,2.013,32.766,32.766,1.544,2.112,0.436
76196,2.013,32.766,32.766,1.544,2.112,0.436
76206,2.013,32.766,32.766,1.544,2.112,0.436
76216,2.013,32.766,32.766,1.544,2.112,0.436
76226,2.013,32.766,32.766,1.544,2.112,0.436
76236,2.013,32.766,32.766,1.544,2.112,0.437
76246,2.013,32.766,32.766,1.544,2.112,0.437
76256,2.01,32.766,32.766,1.544,2.112,0.437
76266,2.01,32.766,32.766,1.544,2.103,0.437
76276,2.01,32.766,32.766,1.544,2.103,0.437
76286,2.01,32.766,32.766,1.554,2.103,0.439
76296,2.01,32.766,32.766,1.554,2.103,0.439
76306,2.01,32.766,32.766,1.554,2.103,0.439
76316,2.01,32.766,32.766,1.554,2.103,0.439
76326,2.01,32.766,32.766,1.554,2.103,0.439
76336,2.01,32.766,32.766,1.554,2.103,0.441
76346,2.01,32.766,32.766,1.554,2.103,0.441
76356,2.01,32.766,32.766,1.554,2.103,0.441
76366,2.01,32.766,32.766,1.554,2.088,0.441
76376,2.01,32.766,32.766,1.554,2.088,0.441
76386,2.01,32.766,32.766,1.533,2.088,0.446
76396,2.01,32.766,32.766,1.533,2.088,0.446
76406,2.01,32.766,32.766,1.533,2.088,0.446
76416,2.01,32.766,32.766,1.533,2.088,0.446
76426,2.01,32.766,32.766,1.533,2.088,0.446
76436,2.01,32.766,32.766,1.533,2.088,0.447
76446,2.01,32.766,32.766,1.533,2.088,0.447
76456,2.01,32.766,32.766,1.533,2.088,0.447
76466,2.01,32.766,32.766,1.533,2.09,0.447
76476,2.01,32.766,32.766,1.533,2.09,0.447
76486,2.01,32.766,32.766,1.537,2.09,0.448
76496,2.01,32.766,32.766,1.537,2.09,0.448
76506,2.01,32.766,32.766,1.537,2.09,0.448
76516,2.01,32.766,32.766,1.537,2.09,0.448
76526,2.01,32.766,32.766,1.537,2.09,0.448
76536,2.01,32.766,32.766,1.537,2.09,0.45
76546,2.01,32.766,32.766,1.537,2.09,0.45
76556,2.0,0.301,32.766,1.537,2.09,0.45
76566,2.0,0.301,32.766,1.537,2.073,0.45
76576,2.0,0.301,32.766,1.537,2.073,0.45
76586,2.0,0.301,32.766,1.515,2.073,0.457
76596,2.0,0.301,32.766,1.515,2.073,0.457
76606,2.0,0.301,32.766,1.515,2.073,0.457
76616,2.0,0.301,32.766,1.515,2.073,0.457
76626,2.0,0.301,32.766,1.515,2.073,0.457
76636,2.0,0.301,32.766,1.515,2.073,0.455
76646,2.0,0.301,32.766,1.515,2.073,0.455
76656,2.0,0.261,32.766,1.515,2.073,0.455
76666,2.0,0.261,32.766,1.515,2.067,0.455
76676,2.0,0.261,32.766,1.515,2.067,0.455
76686,2.0,0.261,32.766,1.543,2.067,0.458
76696,2.0,0.261,32.766,1.543,2.067,0.458
76706,2.0,0.261,32.766,1.543,2.067,0.458
76716,2.0,0.261,32.766,1.543,2.067,0.458
76726,2.0,0.261,32.766,1.543,2.067,0.462
76736,2.0,0.261,32.766,1.543,2.067,0.462
76746,2.0,0.261,32.766,1.543,2.067,0.462
76756,1.979,0.229,32.766,1.543,2.067,0.462
76766,1.979,0.229,32.766,1.543,2.059,0.462
76776,1.979,0.229,32.766,1.543,2.059,0.462
76786,1.979,0.229,32.766,1.524,2.059,0.458
76796,1.979,0.229,32.766,1.524,2.059,0.458
76806,1.979,0.229,32.766,1.524,2.059,0.458
76816,1.979,0.229,32.766,1.524,2.059,0.458
76826,1.979,0.229,32.766,1.524,2.059,0.458
76836,1.979,0.229,32.766,1.524,2.059,0.458
76846,1.979,0.229,32.766,1.524,2.059,0.458
76856,1.985,0.2,32.766,1.524,2.059,0.458
76866,1.985,0.2,32.766,1.524,2.072,0.458
76876,1.985,0.2,32.766,1.524,2.072,0.458
76886,1.985,0.2,32.766,32.766,2.072,0.459
76896,1.985,0.2,32.766,32.766,2.072,0.459
76906,1.985,0.2,32.766,32.766,2.072,0.459
76916,1.985,0.2,32.766,32.766,2.072,0.459
76926,1.985,0.2,32.766,32.766,2.072,0.459
76936,1.985,0.2,32.766,32.766,2.072,0.462
76946,1.985,0.2,32.766,32.766,2.072,0.462
76956,1.986,0.165,32.766,32.766,2.072,0.462
76966,1.986,0.165,32.766,32.766,2.081,0.462
76976,1.986,0.165,32.766,32.766,2.081,0.462
76986,1.986,0.165,32.766,1.535,2.081,0.462
76996,1.986,0.165,32.766,1.535,2.081,0.462
77006,1.986,0.165,32.766,1.535,2.081,0.462
77016,1.986,0.165,32.766,1.535,2.081,0.462
77026,1.986,0.165,32.766,1.535,2.081,0.462
77036,1.986,0.165,32.766,1.535,2.081,0.463
77046,1.986,0.165,32.766,1.535,2.081,0.463
77056,1.986,0.139,32.766,1.535,2.081,0.463
77066,1.986,0.139,32.766,1.535,2.063,0.463
77076,1.986,0.139,32.766,1.535,2.063,0.463
77086,1.986,0.139,32.766,32.766,2.063,0.467
77096,1.986,0.139,32.766,32.766,2.063,0.467
77106,1.986,0.139,32.766,32.766,2.063,0.467
77116,1.986,0.139,32.766,32.766,2.063,0.467
77126,1.986,0.139,32.766,32.766,2.063,0.467
77136,1.986,0.139,32.766,32.766,2.063,0.47
77146,1.986,0.139,32.766,32.766,2.063,0.47
77156,1.981,0.136,32.766,32.766,2.063,0.47
77166,1.981,0.136,32.766,32.766,2.084,0.47
77176,1.981,0.136,32.766,32.766,2.084,0.47
77186,1.981,0.136,32.766,1.543,2.084,0.474
77196,1.981,0.136,32.766,1.543,2.084,0.474
77206,1.981,0.136,32.766,1.543,2.084,0.474
77216,1.981,0.136,32.766,1.543,2.084,0.474
77226,1.981,0.136,32.766,1.543,2.084,0.474
77236,1.981,0.136,32.766,1.543,2.084,0.476
77246,1.981,0.136,32.766,1.543,2.084,0.476
77256,2.023,0.155,32.766,1.543,2.084,0.476
77266,2.023,0.155,32.766,1.543,2.068,0.476
77276,2.023,0.155,32.766,1.543,2.068,0.476
77286,2.023,0.155,32.766,1.547,2.068,0.485
77296,2.023,0.155,32.766,1.547,2.068,0.485
77306,2.023,0.155,32.766,1.547,2.068,0.485
77316,2.023,0.155,32.766,1.547,2.068,0.485
77326,2.023,0.155,32.766,1.547,2.068,0.485
77336,2.023,0.155,32.766,1.547,2.068,0.49
77346,2.023,0.155,32.766,1.547,2.068,0.49
77356,2.038,0.182,32.766,1.547,2.068,0.49
77366,2.038,0.182,32.766,1.547,2.033,0.49
77376,2.038,0.182,32.766,1.547,2.033,0.49
77386,2.038,0.182,32.766,1.538,2.033,0.492
77396,2.038,0.182,32.766,1.538,2.033,0.492
77406,2.038,0.182,32.766,1.538,2.033,0.492
77416,2.038,0.182,32.766,1.538,2.033,0.492
77426,2.038,0.182,32.766,1.538,2.033,0.492
77436,2.038,0.182,32.766,1.538,2.033,0.496
77446,2.038,0.182,32.766,1.538,2.033,0.496
77456,32.766,0.249,32.766,1.538,2.033,0.496
77466,32.766,0.249,32.766,1.538,2.064,0.496
77476,32.766,0.249,32.766,1.538,2.064,0.496
77486,32.766,0.249,32.766,1.537,2.064,0.491
77496,32.766,0.249,32.766,1.537,2.064,0.491
77506,32.766,0.249,32.766,1.537,2.064,0.491
77516,32.766,0.249,32.766,1.537,2.064,0.491
77526,32.766,0.249,32.766,1.537,2.064,0.489
77536,32.766,0.249,32.766,1.537,2.064,0.489
77546,32.766,0.249,32.766,1.537,2.064,0.489
77556,32.766,0.381,32.766,1.537,2.064,0.489
77566,32.766,0.381,32.766,1.537,2.025,0.489
77576,32.766,0.381,32.766,1.537,2.025,0.489
77586,32.766,0.381,32.766,1.495,2.025,0.489
77596,32.766,0.381,32.766,1.495,2.025,0.489
77606,32.766,0.381,32.766,1.495,2.025,0.489
77616,32.766,0.381,32.766,1.495,2.025,0.489
77626,32.766,0.381,32.766,1.495,2.025,0.489
77636,32.766,0.381,32.766,1.495,2.025,0.487
77646,32.766,0.381,32.766,1.495,2.025,0.487
77656,1.833,0.527,32.766,1.495,2.025,0.487
77666,1.833,0.527,32.766,1.495,2.032,0.487
77676,1.833,0.527,32.766,1.495,2.032,0.487
77686,1.833,0.527,32.766,32.766,2.032,0.493
77696,1.833,0.527,32.766,32.766,2.032,0.493
77706,1.833,0.527,32.766,32.766,2.032,0.493
77716,1.833,0.527,32.766,32.766,2.032,0.493
77726,1.833,0.527,32.766,32.766,2.032,0.493
77736,1.833,0.527,32.766,32.766,2.032,0.497
77746,1.833,0.527,32.766,32.766,2.032,0.497
77756,1.82,32.766,32.766,32.766,2.032,0.497
77766,1.82,32.766,32.766,32.766,2.063,0.497
77776,1.82,32.766,32.766,32.766,2.063,0.497
77786,1.82,32.766,32.766,32.766,2.063,0.5
77796,1.82,32.766,32.766,32.766,2.063,0.5
77806,1.82,32.766,32.766,32.766,2.063,0.5
77816,1.82,32.766,32.766,32.766,2.063,0.5
77826,1.82,32.766,32.766,32.766,2.063,0.5
77836,1.82,32.766,32.766,32.766,2.063,0.503
77846,1.82,32.766,32.766,32.766,2.063,0.503
77856,1.808,32.766,32.766,32.766,2.063,0.503
77866,1.808,32.766,32.766,32.766,2.078,0.503
77876,1.808,32.766,32.766,32.766,2.078,0.503
77886,1.808,32.766,32.766,1.19,2.078,0.507
77896,1.808,32.766,32.766,1.19,2.078,0.507
77906,1.808,32.766,32.766,1.19,2.078,0.507
77916,1.808,32.766,32.766,1.19,2.078,0.507
77926,1.808,32.766,32.766,1.19,2.078,0.507
77936,1.808,32.766,32.766,1.19,2.078,0.507
77946,1.808,32.766,32.766,1.19,2.078,0.507
77956,32.766,32.766,32.766,1.19,2.078,0.507
77966,32.766,32.766,32.766,1.19,2.056,0.507
77976,32.766,32.766,32.766,1.19,2.056,0.507
77986,32.766,32.766,32.766,1.198,2.056,0.504
77996,32.766,32.766,32.766,1.198,2.056,0.504
78006,32.766,32.766,32.766,1.198,2.056,0.504
78016,32.766,32.766,32.766,1.198,2.056,0.504
78026,32.766,32.766,32.766,1.198,2.056,0.498
78036,32.766,32.766,32.766,1.198,2.056,0.498
78046,32.766,32.766,32.766,1.198,2.056,0.498
78056,1.743,32.766,32.766,1.198,2.056,0.498
78066,1.743,32.766,32.766,1.198,2.054,0.498
78076,1.743,32.766,32.766,1.198,2.054,0.498
78086,1.743,32.766,32.766,1.187,2.054,0.497
78096,1.743,32.766,32.766,1.187,2.054,0.497
78106,1.743,32.766,32.766,1.187,2.054,0.497
78116,1.743,32.766,32.766,1.187,2.054,0.497
78126,1.743,32.766,32.766,1.187,2.054,0.492
78136,1.743,32.766,32.766,1.187,2.054,0.492
78146,1.743,32.766,32.766,1.187,2.054,0.492
78156,1.733,32.766,32.766,1.187,2.054,0.492
78166,1.733,32.766,32.766,1.187,2.043,0.492
78176,1.733,32.766,32.766,1.187,2.043,0.492
78186,1.733,32.766,32.766,1.2,2.043,0.49
78196,1.733,32.766,32.766,1.2,2.043,0.49
78206,1.733,32.766,32.766,1.2,2.043,0.49
78216,1.733,32.766,32.766,1.2,2.043,0.49
78227,1.733,32.766,32.766,1.2,2.043,0.488
78236,1.733,32.766,32.766,1.2,2.043,0.488
78246,1.733,32.766,32.766,1.2,2.043,0.488
78256,1.723,2.845,32.766,1.2,2.043,0.488
78267,1.723,2.845,32.766,1.2,32.766,0.488
78276,1.723,2.845,32.766,1.2,32.766,0.488
78286,1.723,2.845,32.766,1.206,32.766,0.489
78296,1.723,2.845,32.766,1.206,32.766,0.489
78306,1.723,2.845,32.766,1.206,32.766,0.489
78316,1.723,2.845,32.766,1.206,32.766,0.489
78326,1.723,2.845,32.766,1.206,32.766,0.489
78336,1.723,2.845,32.766,1.206,32.766,0.493
78346,1.723,2.845,32.766,1.206,32.766,0.493
78356,1.746,32.766,32.766,1.206,32.766,0.493
78366,1.746,32.766,32.766,1.206,2.04,0.493
78376,1.746,32.766,32.766,1.206,2.04,0.493
78386,1.746,32.766,32.766,1.204,2.04,0.496
78396,1.746,32.766,32.766,1.204,2.04,0.496
78406,1.746,32.766,32.766,1.204,2.04,0.496
78416,1.746,32.766,32.766,1.204,2.04,0.496
78426,1.746,32.766,32.766,1.204,2.04,0.496
78436,1.746,32.766,32.766,1.204,2.04,0.496
78446,1.746,32.766,32.766,1.204,2.04,0.496
78456,1.756,2.84,32.766,1.204,2.04,0.496
78466,1.756,2.84,32.766,1.204,2.048,0.496
78476,1.756,2.84,32.766,1.204,2.048,0.496
78486,1.756,2.84,32.766,1.211,2.048,0.501
78496,1.756,2.84,32.766,1.211,2.048,0.501
78506,1.756,2.84,32.766,1.211,2.048,0.501
78516,1.756,2.84,32.766,1.211,2.048,0.501
78526,1.756,2.84,32.766,1.211,2.048,0.501
78536,1.756,2.84,32.766,1.211,2.048,0.501
78546,1.756,2.84,32.766,1.211,2.048,0.501
78556,1.752,32.766,32.766,1.211,2.048,0.501
78566,1.752,32.766,32.766,1.211,2.014,0.501
78576,1.752,32.766,32.766,1.211,2.014,0.501
78586,1.752,32.766,32.766,1.212,2.014,0.503
78596,1.752,32.766,32.766,1.212,2.014,0.503
78606,1.752,32.766,32.766,1.212,2.014,0.503
78616,1.752,32.766,32.766,1.212,2.014,0.503
78626,1.752,32.766,32.766,1.212,2.014,0.503
78636,1.752,32.766,32.766,1.212,2.014,0.499
78646,1.752,32.766,32.766,1.212,2.014,0.499
78656,1.746,32.766,32.766,1.212,2.014,0.499
78666,1.746,32.766,32.766,1.212,2.019,0.499
78676,1.746,32.766,0.524,1.212,2.019,0.499
78686,1.746,32.766,0.524,1.22,2.019,0.501
78696,1.746,32.766,0.524,1.22,2.019,0.501
78706,1.746,32.766,0.524,1.22,2.019,0.501
78716,1.746,32.766,0.524,1.22,2.019,0.501
78726,1.746,32.766,0.524,1.22,2.019,0.501
78736,1.746,32.766,0.524,1.22,2.019,0.5
78746,1.746,32.766,0.524,1.22,2.019,0.5
78756,1.735,2.816,0.524,1.22,2.019,0.5
78766,1.735,2.816,0.524,1.22,2.025,0.5
78776,1.735,2.816,0.514,1.22,2.025,0.5
78786,1.735,2.816,0.514,1.241,2.025,0.498
78796,1.735,2.816,0.514,1.241,2.025,0.498
78806,1.735,2.816,0.514,1.241,2.025,0.498
78816,1.735,2.816,0.514,1.241,2.025,0.498
78826,1.735,2.816,0.514,1.241,2.025,0.495
78836,1.735,2.816,0.514,1.241,2.025,0.495
78846,1.735,2.816,0.514,1.241,2.025,0.495
78856,1.737,32.766,0.514,1.241,2.025,0.495
78866,1.737,32.766,0.514,1.241,2.033,0.495
78876,1.737,32.766,0.576,1.241,2.033,0.495
78886,1.737,32.766,0.576,1.271,2.033,0.492
78896,1.737,32.766,0.576,1.271,2.033,0.492
78906,1.737,32.766,0.576,1.271,2.033,0.492
78916,1.737,32.766,0.576,1.271,2.033,0.492
78926,1.737,32.766,0.576,1.271,2.033,0.495
78936,1.737,32.766,0.576,1.271,2.033,0.495
78946,1.737,32.766,0.576,1.271,2.033,0.495
78956,1.733,2.752,0.576,1.271,2.033,0.495
78966,1.733,2.752,0.576,1.271,2.035,0.495
78976,1.733,2.752,32.766,1.271,2.035,0.495
78986,1.733,2.752,32.766,1.29,2.035,0.492
78996,1.733,2.752,32.766,1.29,2.035,0.492
79006,1.733,2.752,32.766,1.29,2.035,0.492
79016,1.733,2.752,32.766,1.29,2.035,0.492
79026,1.733,2.752,32.766,1.29,2.035,0.492
79036,1.733,2.752,32.766,1.29,2.035,0.495
79046,1.733,2.752,32.766,1.29,2.035,0.495
79056,1.738,32.766,32.766,1.29,2.035,0.495
79066,1.738,32.766,32.766,1.29,2.036,0.495
79076,1.738,32.766,0.425,1.29,2.036,0.495
79086,1.738,32.766,0.425,1.308,2.036,0.497
79096,1.738,32.766,0.425,1.308,2.036,0.497
79106,1.738,32.766,0.425,1.308,2.036,0.497
79116,1.738,32.766,0.425,1.308,2.036,0.497
79126,1.738,32.766,0.425,1.308,2.036,0.497
79136,1.738,32.766,0.425,1.308,2.036,0.499
79146,1.738,32.766,0.425,1.308,2.036,0.499
79156,32.766,32.766,0.425,1.308,2.036,0.499
79166,32.766,32.766,0.425,1.308,2.038,0.499
79176,32.766,32.766,0.449,1.308,2.038,0.499
79186,32.766,32.766,0.449,1.301,2.038,0.499
79196,32.766,32.766,0.449,1.301,2.038,0.499
79206,32.766,32.766,0.449,1.301,2.038,0.499
79216,32.766,32.766,0.449,1.301,2.038,0.499
79226,32.766,32.766,0.449,1.301,2.038,0.499
79236,32.766,32.766,0.449,1.301,2.038,0.501
79246,32.766,32.766,0.449,1.301,2.038,0.501
79256,32.766,2.722,0.449,1.301,2.038,0.501
79266,32.766,2.722,0.449,1.301,2.023,0.501
79276,32.766,2.722,0.515,1.301,2.023,0.501
79286,32.766,2.722,0.515,1.272,2.023,0.505
79296,32.766,2.722,0.515,1.272,2.023,0.505
79306,32.766,2.722,0.515,1.272,2.023,0.505
79316,32.766,2.722,0.515,1.272,2.023,0.505
79326,32.766,2.722,0.515,1.272,2.023,0.505
79336,32.766,2.722,0.515,1.272,2.023,0.501
79346,32.766,2.722,0.515,1.272,2.023,0.501
79356,0.252,32.766,0.515,1.272,2.023,0.501
79366,0.252,32.766,0.515,1.272,2.02,0.501
79376,0.252,32.766,0.587,1.272,2.02,0.501
79386,0.252,32.766,0.587,1.216,2.02,0.501
79396,0.252,32.766,0.587,1.216,2.02,0.501
79406,0.252,32.766,0.587,1.216,2.02,0.501
79416,0.252,32.766,0.587,1.216,2.02,0.501
79426,0.252,32.766,0.587,1.216,2.02,0.504
79436,0.252,32.766,0.587,1.216,2.02,0.504
79446,0.252,32.766,0.587,1.216,2.02,0.504
79456,0.186,32.766,0.587,1.216,2.02,0.504
79466,0.186,32.766,0.587,1.216,2.014,0.504
79476,0.186,32.766,0.628,1.216,2.014,0.504
79486,0.186,32.766,0.628,32.766,2.014,0.505
79496,0.186,32.766,0.628,32.766,2.014,0.505
79506,0.186,32.766,0.628,32.766,2.014,0.505
79516,0.186,32.766,0.628,32.766,2.014,0.505
79526,0.186,32.766,0.628,32.766,2.014,0.505
79536,0.186,32.766,0.628,32.766,2.014,0.505
79546,0.186,32.766,0.628,32.766,2.014,0.505
79556,0.149,32.766,0.628,32.766,2.014,0.505
79566,0.149,32.766,0.628,32.766,2.014,0.505
79576,0.149,32.766,0.647,32.766,2.014,0.505
79586,0.149,32.766,0.647,32.766,2.014,0.501
79596,0.149,32.766,0.647,32.766,2.014,0.501
79606,0.149,32.766,0.647,32.766,2.014,0.501
79616,0.149,32.766,0.647,32.766,2.014,0.501
79626,0.149,32.766,0.647,32.766,2.014,0.501
79636,0.149,32.766,0.647,32.766,2.014,0.505
79646,0.149,32.766,0.647,32.766,2.014,0.505
79656,0.131,2.772,0.647,32.766,2.014,0.505
79666,0.131,2.772,0.647,32.766,2.002,0.505
79676,0.131,2.772,0.667,32.766,2.002,0.505
79686,0.131,2.772,0.667,1.192,2.002,0.505
79696,0.131,2.772,0.667,1.192,2.002,0.505
79706,0.131,2.772,0.667,1.192,2.002,0.505
79716,0.131,2.772,0.667,1.192,2.002,0.505
79726,0.131,2.772,0.667,1.192,2.002,0.509
79736,0.131,2.772,0.667,1.192,2.002,0.509
79746,0.131,2.772,0.667,1.192,2.002,0.509
79756,0.121,2.502,0.667,1.192,2.002,0.509
79766,0.121,2.502,0.667,1.192,32.766,0.509
79776,0.121,2.502,0.673,1.192,32.766,0.509
79786,0.121,2.502,0.673,1.221,32.766,0.51
79796,0.121,2.502,0.673,1.221,32.766,0.51
79806,0.121,2.502,0.673,1.221,32.766,0.51
79816,0.121,2.502,0.673,1.221,32.766,0.51
79826,0.121,2.502,0.673,1.221,32.766,0.51
79836,0.121,2.502,0.673,1.221,32.766,0.512
79846,0.121,2.502,0.673,1.221,32.766,0.512
79856,0.131,2.287,0.673,1.221,32.766,0.512
79866,0.131,2.287,0.673,1.221,2.05,0.512
79876,0.131,2.287,0.676,1.221,2.05,0.512
79886,0.131,2.287,0.676,1.267,2.05,0.512
79896,0.131,2.287,0.676,1.267,2.05,0.512
79906,0.131,2.287,0.676,1.267,2.05,0.512
79916,0.131,2.287,0.676,1.267,2.05,0.512
79926,0.131,2.287,0.676,1.267,2.05,0.512
79936,0.131,2.287,0.676,1.267,2.05,0.51
79946,0.131,2.287,0.676,1.267,2.05,0.51
79956,0.164,32.766,0.676,1.267,2.05,0.51
79966,0.164,32.766,0.676,1.267,2.054,0.51
79976,0.164,32.766,0.678,1.267,2.054,0.51
79986,0.164,32.766,0.678,1.365,2.054,0.505
79996,0.164,32.766,0.678,1.365,2.054,0.505
80006,0.164,32.766,0.678,1.365,2.054,0.505
80016,0.164,32.766,0.678,1.365,2.054,0.505
80026,0.164,32.766,0.678,1.365,2.054,0.505
80036,0.164,32.766,0.678,1.365,2.054,0.497
80046,0.164,32.766,0.678,1.365,2.054,0.497
80056,0.195,32.766,0.678,1.365,2.054,0.497
80066,0.195,32.766,0.678,1.365,2.048,0.497
80076,0.195,32.766,32.766,1.365,2.048,0.497
80086,0.195,32.766,32.766,1.482,2.048,0.496
80096,0.195,32.766,32.766,1.482,2.048,0.496
80106,0.195,32.766,32.766,1.482,2.048,0.496
80116,0.195,32.766,32.766,1.482,2.048,0.496
80126,0.195,32.766,32.766,1.482,2.048,0.486
80136,0.195,32.766,32.766,1.482,2.048,0.486
80146,0.195,32.766,32.766,1.482,2.048,0.486
80156,0.205,32.766,32.766,1.482,2.048,0.486
80166,0.205,32.766,32.766,1.482,2.037,0.486
80176,0.205,32.766,32.766,1.482,2.037,0.486
80186,0.205,32.766,32.766,1.553,2.037,0.487
80196,0.205,32.766,32.766,1.553,2.037,0.487
80206,0.205,32.766,32.766,1.553,2.037,0.487
80216,0.205,32.766,32.766,1.553,2.037,0.487
80226,0.205,32.766,32.766,1.553,2.037,0.487
80236,0.205,32.766,32.766,1.553,2.037,0.485
80246,0.205,32.766,32.766,1.553,2.037,0.485
80256,0.229,2.586,32.766,1.553,2.037,0.485
80266,0.229,2.586,32.766,1.553,2.043,0.485
80276,0.229,2.586,32.766,1.553,2.043,0.485
80286,0.229,2.586,32.766,1.565,2.043,0.489
80296,0.229,2.586,32.766,1.565,2.043,0.489
80306,0.229,2.586,32.766,1.565,2.043,0.489
80316,0.229,2.586,32.766,1.565,2.043,0.489
80326,0.229,2.586,32.766,1.565,2.043,0.489
80336,0.229,2.586,32.766,1.565,2.043,0.491
80346,0.229,2.586,32.766,1.565,2.043,0.491
80356,0.249,2.564,32.766,1.565,2.043,0.491
80366,0.249,2.564,32.766,1.565,2.039,0.491
80376,0.249,2.564,32.766,1.565,2.039,0.491
80386,0.249,2.564,32.766,1.575,2.039,0.49
80396,0.249,2.564,32.766,1.575,2.039,0.49
80406,0.249,2.564,32.766,1.575,2.039,0.49
80416,0.249,2.564,32.766,1.575,2.039,0.49
80426,0.249,2.564,32.766,1.575,2.039,0.49
80436,0.249,2.564,32.766,1.575,2.039,0.492
80446,0.249,2.564,32.766,1.575,2.039,0.492
80456,0.249,2.563,32.766,1.575,2.039,0.492
80466,0.249,2.563,32.766,1.575,2.036,0.492
80476,0.249,2.563,32.766,1.575,2.036,0.492
80486,0.249,2.563,32.766,1.575,2.036,0.466
80496,0.249,2.563,32.766,1.575,2.036,0.466
80506,0.249,2.563,32.766,1.575,2.036,0.466
80516,0.249,2.563,32.766,1.575,2.036,0.466
80526,0.249,2.563,32.766,1.575,2.036,0.466
80536,0.249,2.563,32.766,1.575,2.036,0.434
80546,0.249,2.563,32.766,1.575,2.036,0.434
80556,0.235,2.55,32.766,1.575,2.036,0.434
80566,0.235,2.55,32.766,1.575,2.04,0.434
80576,0.235,2.55,32.766,1.575,2.04,0.434
80586,0.235,2.55,32.766,32.766,2.04,0.426
80596,0.235,2.55,32.766,32.766,2.04,0.426
80606,0.235,2.55,32.766,32.766,2.04,0.426
80616,0.235,2.55,32.766,32.766,2.04,0.426
80626,0.235,2.55,32.766,32.766,2.04,0.426
80636,0.235,2.55,32.766,32.766,2.04,0.428
80646,0.235,2.55,32.766,32.766,2.04,0.428
80656,0.198,2.503,32.766,32.766,2.04,0.428
80666,0.198,2.503,32.766,32.766,2.037,0.428
80676,0.198,2.503,32.766,32.766,2.037,0.428
80686,0.198,2.503,32.766,1.596,2.037,0.435
80696,0.198,2.503,32.766,1.596,2.037,0.435
80706,0.198,2.503,32.766,1.596,2.037,0.435
80716,0.198,2.503,32.766,1.596,2.037,0.435
80726,0.198,2.503,32.766,1.596,2.037,0.435
80736,0.198,2.503,32.766,1.596,2.037,0.468
80746,0.198,2.503,32.766,1.596,2.037,0.468
80756,0.171,2.518,32.766,1.596,2.037,0.468
80766,0.171,2.518,32.766,1.596,2.02,0.468
80776,0.171,2.518,32.766,1.596,2.02,0.468
80786,0.171,2.518,32.766,32.766,2.02,0.501
80796,0.171,2.518,32.766,32.766,2.02,0.501
80806,0.171,2.518,32.766,32.766,2.02,0.501
80816,0.171,2.518,32.766,32.766,2.02,0.501
80826,0.171,2.518,32.766,32.766,2.02,0.501
80836,0.171,2.518,32.766,32.766,2.02,0.556
80846,0.171,2.518,32.766,32.766,2.02,0.556
80856,0.143,2.542,32.766,32.766,2.02,0.556
80866,0.143,2.542,32.766,32.766,1.958,0.556
80876,0.143,2.542,32.766,32.766,1.958,0.556
80886,0.143,2.542,32.766,1.572,1.958,0.59
80896,0.143,2.542,32.766,1.572,1.958,0.59
80906,0.143,2.542,32.766,1.572,1.958,0.59
80916,0.143,2.542,32.766,1.572,1.958,0.59
80926,0.143,2.542,32.766,1.572,1.958,0.616
80936,0.143,2.542,32.766,1.572,1.958,0.616
80946,0.143,2.542,32.766,1.572,1.958,0.616
80956,32.766,32.766,32.766,1.572,1.958,0.616
80966,32.766,32.766,32.766,1.572,1.944,0.616
80976,32.766,32.766,32.766,1.572,1.944,0.616
80986,32.766,32.766,32.766,1.567,1.944,0.625
80996,32.766,32.766,32.766,1.567,1.944,0.625
81006,32.766,32.766,32.766,1.567,1.944,0.625
81016,32.766,32.766,32.766,1.567,1.944,0.625
81026,32.766,32.766,32.766,1.567,1.944,0.627
81036,32.766,32.766,32.766,1.567,1.944,0.627
81046,32.766,32.766,32.766,1.567,1.944,0.627
81056,32.766,32.766,32.766,1.567,1.944,0.627
81066,32.766,32.766,32.766,1.567,1.947,0.627
81076,32.766,32.766,32.766,1.567,1.947,0.627
81086,32.766,32.766,32.766,1.567,1.947,0.623
81096,32.766,32.766,32.766,1.567,1.947,0.623
81106,32.766,32.766,32.766,1.567,1.947,0.623
81116,32.766,32.766,32.766,1.567,1.947,0.623
81126,32.766,32.766,32.766,1.567,1.947,0.596
81136,32.766,32.766,32.766,1.567,1.947,0.596
81146,32.766,32.766,32.766,1.567,1.947,0.596
81156,32.766,2.357,32.766,1.567,1.947,0.596
81166,32.766,2.357,32.766,1.567,1.984,0.596
81176,32.766,2.357,32.766,1.567,1.984,0.596
81186,32.766,2.357,32.766,1.578,1.984,0.568
81196,32.766,2.357,32.766,1.578,1.984,0.568
81206,32.766,2.357,32.766,1.578,1.984,0.568
81216,32.766,2.357,32.766,1.578,1.984,0.568
81226,32.766,2.357,32.766,1.578,1.984,0.521
81236,32.766,2.357,32.766,1.578,1.984,0.521
81246,32.766,2.357,32.766,1.578,1.984,0.521
81256,0.318,2.552,32.766,1.578,1.984,0.521
81266,0.318,2.552,32.766,1.578,2.007,0.521
81276,0.318,2.552,32.766,1.578,2.007,0.521
81286,0.318,2.552,32.766,32.766,2.007,0.451
81296,0.318,2.552,32.766,32.766,2.007,0.451
81306,0.318,2.552,32.766,32.766,2.007,0.451
81316,0.318,2.552,32.766,32.766,2.007,0.451
81326,0.318,2.552,32.766,32.766,2.007,0.451
81336,0.318,2.552,32.766,32.766,2.007,0.375
81346,0.318,2.552,32.766,32.766,2.007,0.375
81356,0.357,2.477,32.766,32.766,2.007,0.375
81366,0.357,2.477,32.766,32.766,2.04,0.375
81376,0.357,2.477,32.766,32.766,2.04,0.375
81386,0.357,2.477,32.766,1.549,2.04,0.337
81396,0.357,2.477,32.766,1.549,2.04,0.337
81406,0.357,2.477,32.766,1.549,2.04,0.337
81416,0.357,2.477,32.766,1.549,2.04,0.337
81426,0.357,2.477,32.766,1.549,2.04,0.337
81436,0.357,2.477,32.766,1.549,2.04,0.317
81446,0.357,2.477,32.766,1.549,2.04,0.317
81456,32.766,32.766,32.766,1.549,2.04,0.317
81466,32.766,32.766,32.766,1.549,2.039,0.317
81476,32.766,32.766,32.766,1.549,2.039,0.317
81486,32.766,32.766,32.766,1.532,2.039,0.327
81496,32.766,32.766,32.766,1.532,2.039,0.327
81506,32.766,32.766,32.766,1.532,2.039,0.327
81516,32.766,32.766,32.766,1.532,2.039,0.327
81526,32.766,32.766,32.766,1.532,2.039,0.327
81536,32.766,32.766,32.766,1.532,2.039,0.374
81546,32.766,32.766,32.766,1.532,2.039,0.374
81556,32.766,2.394,32.766,1.532,2.039,0.374
81566,32.766,2.394,32.766,1.532,2.025,0.374
81576,32.766,2.394,32.766,1.532,2.025,0.374
81586,32.766,2.394,32.766,1.521,2.025,0.417
81596,32.766,2.394,32.766,1.521,2.025,0.417
81606,32.766,2.394,32.766,1.521,2.025,0.417
81616,32.766,2.394,32.766,1.521,2.025,0.417
81626,32.766,2.394,32.766,1.521,2.025,0.417
81636,32.766,2.394,32.766,1.521,2.025,0.493
81646,32.766,2.394,32.766,1.521,2.025,0.493
81656,0.387,2.391,32.766,1.521,2.025,0.493
81666,0.387,2.391,32.766,1.521,1.918,0.493
81676,0.387,2.391,32.766,1.521,1.918,0.493
81686,0.387,2.391,32.766,1.52,1.918,0.556
81696,0.387,2.391,32.766,1.52,1.918,0.556
81706,0.387,2.391,32.766,1.52,1.918,0.556
81716,0.387,2.391,32.766,1.52,1.918,0.556
81726,0.387,2.391,32.766,1.52,1.918,0.556
81736,0.387,2.391,32.766,1.52,1.918,0.624
81746,0.387,2.391,32.766,1.52,1.918,0.624
81756,32.766,2.488,32.766,1.52,1.918,0.624
81766,32.766,2.488,32.766,1.52,1.828,0.624
81776,32.766,2.488,32.766,1.52,1.828,0.624
81786,32.766,2.488,32.766,1.529,1.828,0.661
81796,32.766,2.488,32.766,1.529,1.828,0.661
81806,32.766,2.488,32.766,1.529,1.828,0.661
81816,32.766,2.488,32.766,1.529,1.828,0.661
81826,32.766,2.488,32.766,1.529,1.828,0.702
81836,32.766,2.488,32.766,1.529,1.828,0.702
81846,32.766,2.488,32.766,1.529,1.828,0.702
81856,32.766,32.766,32.766,1.529,1.828,0.702
81866,32.766,32.766,32.766,1.529,1.764,0.702
81876,32.766,32.766,32.766,1.529,1.764,0.702
81886,32.766,32.766,32.766,1.525,1.764,0.718
81896,32.766,32.766,32.766,1.525,1.764,0.718
81906,32.766,32.766,32.766,1.525,1.764,0.718
81916,32.766,32.766,32.766,1.525,1.764,0.718
81926,32.766,32.766,32.766,1.525,1.764,0.732
81936,32.766,32.766,32.766,1.525,1.764,0.732
81946,32.766,32.766,32.766,1.525,1.764,0.732
81956,32.766,32.766,32.766,1.525,1.764,0.732
81966,32.766,32.766,32.766,1.525,1.764,0.732
81976,32.766,32.766,32.766,1.525,1.764,0.732
81986,32.766,32.766,32.766,1.538,1.764,0.735
81996,32.766,32.766,32.766,1.538,1.764,0.735
82006,32.766,32.766,32.766,1.538,1.764,0.735
82016,32.766,32.766,32.766,1.538,1.764,0.735
82026,32.766,32.766,32.766,1.538,1.764,0.722
82037,32.766,32.766,32.766,1.538,1.764,0.722
82046,32.766,32.766,32.766,1.538,1.764,0.722
82056,32.766,32.766,32.766,1.538,1.764,0.722
82066,32.766,32.766,32.766,1.538,1.778,0.722
82076,32.766,32.766,32.766,1.538,1.778,0.722
82086,32.766,32.766,32.766,1.537,1.778,0.703
82096,32.766,32.766,32.766,1.537,1.778,0.703
82106,32.766,32.766,32.766,1.537,1.778,0.703
82116,32.766,32.766,32.766,1.537,1.778,0.703
82126,32.766,32.766,32.766,1.537,1.778,0.667
82136,32.766,32.766,32.766,1.537,1.778,0.667
82146,32.766,32.766,32.766,1.537,1.778,0.667
82156,0.216,2.547,32.766,1.537,1.778,0.667
82166,0.216,2.547,32.766,1.537,1.844,0.667
82176,0.216,2.547,32.766,1.537,1.844,0.667
82186,0.216,2.547,32.766,1.541,1.844,0.639
82196,0.216,2.547,32.766,1.541,1.844,0.639
82206,0.216,2.547,32.766,1.541,1.844,0.639
82216,0.216,2.547,32.766,1.541,1.844,0.639
82226,0.216,2.547,32.766,1.541,1.844,0.592
82236,0.216,2.547,32.766,1.541,1.844,0.592
82246,0.216,2.547,32.766,1.541,1.844,0.592
82256,0.195,32.766,32.766,1.541,1.844,0.592
82266,0.195,32.766,32.766,1.541,1.923,0.592
82276,0.195,32.766,32.766,1.541,1.923,0.592
82286,0.195,32.766,32.766,32.766,1.923,0.554
82296,0.195,32.766,32.766,32.766,1.923,0.554
82306,0.195,32.766,32.766,32.766,1.923,0.554
82316,0.195,32.766,32.766,32.766,1.923,0.554
82326,0.195,32.766,32.766,32.766,1.923,0.554
82336,0.195,32.766,32.766,32.766,1.923,0.51
82346,0.195,32.766,32.766,32.766,1.923,0.51
82356,32.766,2.502,32.766,32.766,1.923,0.51
82366,32.766,2.502,32.766,32.766,2.016,0.51
82376,32.766,2.502,32.766,32.766,2.016,0.51
82386,32.766,2.502,32.766,1.542,2.016,0.488
82396,32.766,2.502,32.766,1.542,2.016,0.488
82406,32.766,2.502,32.766,1.542,2.016,0.488
82416,32.766,2.502,32.766,1.542,2.016,0.488
82426,32.766,2.502,32.766,1.542,2.016,0.468
82436,32.766,2.502,32.766,1.542,2.016,0.468
82446,32.766,2.502,32.766,1.542,2.016,0.468
82456,2.079,32.766,32.766,1.542,2.016,0.468
82466,2.079,32.766,32.766,1.542,2.074,0.468
82476,2.079,32.766,32.766,1.542,2.074,0.468
82486,2.079,32.766,32.766,1.54,2.074,0.457
82496,2.079,32.766,32.766,1.54,2.074,0.457
82506,2.079,32.766,32.766,1.54,2.074,0.457
82516,2.079,32.766,32.766,1.54,2.074,0.457
82526,2.079,32.766,32.766,1.54,2.074,0.457
82536,2.079,32.766,32.766,1.54,2.074,0.456
82546,2.079,32.766,32.766,1.54,2.074,0.456
82556,2.12,2.434,32.766,1.54,2.074,0.456
82566,2.12,2.434,32.766,1.54,2.102,0.456
82576,2.12,2.434,32.766,1.54,2.102,0.456
82586,2.12,2.434,32.766,1.526,2.102,0.453
82596,2.12,2.434,32.766,1.526,2.102,0.453
82606,2.12,2.434,32.766,1.526,2.102,0.453
82616,2.12,2.434,32.766,1.526,2.102,0.453
82626,2.12,2.434,32.766,1.526,2.102,0.453
82636,2.12,2.434,32.766,1.526,2.102,0.44
82646,2.12,2.434,32.766,1.526,2.102,0.44
82656,2.122,32.766,32.766,1.526,2.102,0.44
82666,2.122,32.766,32.766,1.526,2.088,0.44
82676,2.122,32.766,32.766,1.526,2.088,0.44
82686,2.122,32.766,32.766,1.515,2.088,0.441
82696,2.122,32.766,32.766,1.515,2.088,0.441
82706,2.122,32.766,32.766,1.515,2.088,0.441
82716,2.122,32.766,32.766,1.515,2.088,0.441
82726,2.122,32.766,32.766,1.515,2.088,0.441
82736,2.122,32.766,32.766,1.515,2.088,0.424
82746,2.122,32.766,32.766,1.515,2.088,0.424
82756,2.113,2.503,32.766,1.515,2.088,0.424
82766,2.113,2.503,32.766,1.515,2.076,0.424
82776,2.113,2.503,32.766,1.515,2.076,0.424
82786,2.113,2.503,32.766,1.513,2.076,0.402
82796,2.113,2.503,32.766,1.513,2.076,0.402
82806,2.113,2.503,32.766,1.513,2.076,0.402
82816,2.113,2.503,32.766,1.513,2.076,0.402
82826,2.113,2.503,32.766,1.513,2.076,0.402
82836,2.113,2.503,32.766,1.513,2.076,0.394
82846,2.113,2.503,32.766,1.513,2.076,0.394
82856,32.766,32.766,32.766,1.513,2.076,0.394
82866,32.766,32.766,32.766,1.513,2.073,0.394
82876,32.766,32.766,32.766,1.513,2.073,0.394
82886,32.766,32.766,32.766,1.502,2.073,0.391
82896,32.766,32.766,32.766,1.502,2.073,0.391
82906,32.766,32.766,32.766,1.502,2.073,0.391
82916,32.766,32.766,32.766,1.502,2.073,0.391
82926,32.766,32.766,32.766,1.502,2.073,0.391
82936,32.766,32.766,32.766,1.502,2.073,0.405
82946,32.766,32.766,32.766,1.502,2.073,0.405
82956,2.159,2.482,32.766,1.502,2.073,0.405
82966,2.159,2.482,32.766,1.502,2.061,0.405
82976,2.159,2.482,32.766,1.502,2.061,0.405
82986,2.159,2.482,32.766,1.508,2.061,0.42
82996,2.159,2.482,32.766,1.508,2.061,0.42
83006,2.159,2.482,32.766,1.508,2.061,0.42
83016,2.159,2.482,32.766,1.508,2.061,0.42
83026,2.159,2.482,32.766,1.508,2.061,0.42
83036,2.159,2.482,32.766,1.508,2.061,0.45
83046,2.159,2.482,32.766,1.508,2.061,0.45
83056,32.766,2.489,32.766,1.508,2.061,0.45
83066,32.766,2.489,32.766,1.508,2.033,0.45
83076,32.766,2.489,32.766,1.508,2.033,0.45
83086,32.766,2.489,32.766,1.511,2.033,0.481
83096,32.766,2.489,32.766,1.511,2.033,0.481
83106,32.766,2.489,32.766,1.511,2.033,0.481
83116,32.766,2.489,32.766,1.511,2.033,0.481
83126,32.766,2.489,32.766,1.511,2.033,0.515
83136,32.766,2.489,32.766,1.511,2.033,0.515
83146,32.766,2.489,32.766,1.511,2.033,0.515
83156,0.098,2.486,32.766,1.511,2.033,0.515
83166,0.098,2.486,32.766,1.511,2.007,0.515
83176,0.098,2.486,32.766,1.511,2.007,0.515
83186,0.098,2.486,32.766,1.513,2.007,0.529
83196,0.098,2.486,32.766,1.513,2.007,0.529
83206,0.098,2.486,32.766,1.513,2.007,0.529
83216,0.098,2.486,32.766,1.513,2.007,0.529
83226,0.098,2.486,32.766,1.513,2.007,0.529
83236,0.098,2.486,32.766,1.513,2.007,0.544
83246,0.098,2.486,32.766,1.513,2.007,0.544
83256,0.137,2.509,32.766,1.513,2.007,0.544
83266,0.137,2.509,32.766,1.513,1.968,0.544
83276,0.137,2.509,32.766,1.513,1.968,0.544
83286,0.137,2.509,32.766,1.515,1.968,0.542
83296,0.137,2.509,32.766,1.515,1.968,0.542
83306,0.137,2.509,32.766,1.515,1.968,0.542
83316,0.137,2.509,32.766,1.515,1.968,0.542
83326,0.137,2.509,32.766,1.515,1.968,0.542
83336,0.137,2.509,32.766,1.515,1.968,0.536
83346,0.137,2.509,32.766,1.515,1.968,0.536
83356,0.148,2.536,32.766,1.515,1.968,0.536
83366,0.148,2.536,32.766,1.515,1.999,0.536
83376,0.148,2.536,32.766,1.515,1.999,0.536
83386,0.148,2.536,32.766,1.518,1.999,0.531
83396,0.148,2.536,32.766,1.518,1.999,0.531
83406,0.148,2.536,32.766,1.518,1.999,0.531
83416,0.148,2.536,32.766,1.518,1.999,0.531
83426,0.148,2.536,32.766,1.518,1.999,0.531
83436,0.148,2.536,32.766,1.518,1.999,0.521
83446,0.148,2.536,32.766,1.518,1.999,0.521
83456,0.151,32.766,32.766,1.518,1.999,0.521
83466,0.151,32.766,32.766,1.518,2.043,0.521
83476,0.151,32.766,32.766,1.518,2.043,0.521
83486,0.151,32.766,32.766,1.523,2.043,0.508
83496,0.151,32.766,32.766,1.523,2.043,0.508
83506,0.151,32.766,32.766,1.523,2.043,0.508
83516,0.151,32.766,32.766,1.523,2.043,0.508
83526,0.151,32.766,32.766,1.523,2.043,0.491
83536,0.151,32.766,32.766,1.523,2.043,0.491
83546,0.151,32.766,32.766,1.523,2.043,0.491
83556,0.171,32.766,32.766,1.523,2.043,0.491
83566,0.171,32.766,32.766,1.523,2.093,0.491
83576,0.171,32.766,32.766,1.523,2.093,0.491
83586,0.171,32.766,32.766,1.53,2.093,0.478
83596,0.171,32.766,32.766,1.53,2.093,0.478
83606,0.171,32.766,32.766,1.53,2.093,0.478
83616,0.171,32.766,32.766,1.53,2.093,0.478
83626,0.171,32.766,32.766,1.53,2.093,0.478
83636,0.171,32.766,32.766,1.53,2.093,0.463
83646,0.171,32.766,32.766,1.53,2.093,0.463
83656,0.191,1.913,32.766,1.53,2.093,0.463
83666,0.191,1.913,32.766,1.53,2.108,0.463
83676,0.191,1.913,32.766,1.53,2.108,0.463
83686,0.191,1.913,32.766,1.531,2.108,0.447
83696,0.191,1.913,32.766,1.531,2.108,0.447
83706,0.191,1.913,32.766,1.531,2.108,0.447
83716,0.191,1.913,32.766,1.531,2.108,0.447
83726,0.191,1.913,32.766,1.531,2.108,0.447
83736,0.191,1.913,32.766,1.531,2.108,0.428
83746,0.191,1.913,32.766,1.531,2.108,0.428
83756,0.229,32.766,32.766,1.531,2.108,0.428
83766,0.229,32.766,32.766,1.531,2.131,0.428
83776,0.229,32.766,32.766,1.531,2.131,0.428
83786,0.229,32.766,32.766,1.535,2.131,0.341
83796,0.229,32.766,32.766,1.535,2.131,0.341
83806,0.229,32.766,32.766,1.535,2.131,0.341
83816,0.229,32.766,32.766,1.535,2.131,0.341
83826,0.229,32.766,32.766,1.535,2.131,0.341
83836,0.229,32.766,32.766,1.535,2.131,0.28
83846,0.229,32.766,32.766,1.535,2.131,0.28
83856,0.255,2.398,32.766,1.535,2.131,0.28
83866,0.255,2.398,32.766,1.535,2.089,0.28
83876,0.255,2.398,32.766,1.535,2.089,0.28
83886,0.255,2.398,32.766,1.524,2.089,0.278
83896,0.255,2.398,32.766,1.524,2.089,0.278
83906,0.255,2.398,32.766,1.524,2.089,0.278
83916,0.255,2.398,32.766,1.524,2.089,0.278
83926,0.255,2.398,32.766,1.524,2.089,0.294
83936,0.255,2.398,32.766,1.524,2.089,0.294
83946,0.255,2.398,32.766,1.524,2.089,0.294
83956,0.277,2.399,32.766,1.524,2.089,0.294
83966,0.277,2.399,32.766,1.524,2.07,0.294
83976,0.277,2.399,32.766,1.524,2.07,0.294
83986,0.277,2.399,32.766,32.766,2.07,0.321
83996,0.277,2.399,32.766,32.766,2.07,0.321
84006,0.277,2.399,32.766,32.766,2.07,0.321
84016,0.277,2.399,32.766,32.766,2.07,0.321
84026,0.277,2.399,32.766,32.766,2.07,0.321
84036,0.277,2.399,32.766,32.766,2.07,0.374
84046,0.277,2.399,32.766,32.766,2.07,0.374
84056,0.299,2.327,32.766,32.766,2.07,0.374
84066,0.299,2.327,32.766,32.766,2.009,0.374
84076,0.299,2.327,32.766,32.766,2.009,0.374
84086,0.299,2.327,32.766,1.517,2.009,0.412
84096,0.299,2.327,32.766,1.517,2.009,0.412
84106,0.299,2.327,32.766,1.517,2.009,0.412
84116,0.299,2.327,32.766,1.517,2.009,0.412
84126,0.299,2.327,32.766,1.517,2.009,0.412
84136,0.299,2.327,32.766,1.517,2.009,0.477
84146,0.299,2.327,32.766,1.517,2.009,0.477
84156,0.31,2.287,32.766,1.517,2.009,0.477
84166,0.31,2.287,32.766,1.517,1.918,0.477
84176,0.31,2.287,32.766,1.517,1.918,0.477
84186,0.31,2.287,32.766,1.509,1.918,0.52
84196,0.31,2.287,32.766,1.509,1.918,0.52
84206,0.31,2.287,32.766,1.509,1.918,0.52
84216,0.31,2.287,32.766,1.509,1.918,0.52
84226,0.31,2.287,32.766,1.509,1.918,0.52
84236,0.31,2.287,32.766,1.509,1.918,0.57
84246,0.31,2.287,32.766,1.509,1.918,0.57
84256,0.4,2.302,32.766,1.509,1.918,0.57
84266,0.4,2.302,32.766,1.509,1.81,0.57
84276,0.4,2.302,32.766,1.509,1.81,0.57
84286,0.4,2.302,32.766,1.514,1.81,0.594
84296,0.4,2.302,32.766,1.514,1.81,0.594
84306,0.4,2.302,32.766,1.514,1.81,0.594
84316,0.4,2.302,32.766,1.514,1.81,0.594
84326,0.4,2.302,32.766,1.514,1.81,0.618
84336,0.4,2.302,32.766,1.514,1.81,0.618
84346,0.4,2.302,32.766,1.514,1.81,0.618
84356,32.766,32.766,32.766,1.514,1.81,0.618
84366,32.766,32.766,32.766,1.514,1.761,0.618
84376,32.766,32.766,32.766,1.514,1.761,0.618
84386,32.766,32.766,32.766,1.511,1.761,0.622
84396,32.766,32.766,32.766,1.511,1.761,0.622
84406,32.766,32.766,32.766,1.511,1.761,0.622
84416,32.766,32.766,32.766,1.511,1.761,0.622
84426,32.766,32.766,32.766,1.511,1.761,0.622
84436,32.766,32.766,32.766,1.511,1.761,0.625
84446,32.766,32.766,32.766,1.511,1.761,0.625
84456,2.477,32.766,32.766,1.511,1.761,0.625
84466,2.477,32.766,32.766,1.511,1.747,0.625
84476,2.477,32.766,32.766,1.511,1.747,0.625
84486,2.477,32.766,32.766,1.501,1.747,0.611
84496,2.477,32.766,32.766,1.501,1.747,0.611
84506,2.477,32.766,32.766,1.501,1.747,0.611
84516,2.477,32.766,32.766,1.501,1.747,0.611
84526,2.477,32.766,32.766,1.501,1.747,0.611
84536,2.477,32.766,32.766,1.501,1.747,0.594
84546,2.477,32.766,32.766,1.501,1.747,0.594
84556,32.766,32.766,32.766,1.501,1.747,0.594
84566,32.766,32.766,32.766,1.501,1.78,0.594
84576,32.766,32.766,32.766,1.501,1.78,0.594
84586,32.766,32.766,32.766,1.513,1.78,0.579
84596,32.766,32.766,32.766,1.513,1.78,0.579
84606,32.766,32.766,32.766,1.513,1.78,0.579
84616,32.766,32.766,32.766,1.513,1.78,0.579
84626,32.766,32.766,32.766,1.513,1.78,0.579
84636,32.766,32.766,32.766,1.513,1.78,0.548
84646,32.766,32.766,32.766,1.513,1.78,0.548
84656,32.766,2.331,32.766,1.513,1.78,0.548
84666,32.766,2.331,32.766,1.513,1.824,0.548
84676,32.766,2.331,32.766,1.513,1.824,0.548
84686,32.766,2.331,32.766,32.766,1.824,0.533
84696,32.766,2.331,32.766,32.766,1.824,0.533
84706,32.766,2.331,32.766,32.766,1.824,0.533
84716,32.766,2.331,32.766,32.766,1.824,0.533
84726,32.766,2.331,32.766,32.766,1.824,0.533
84736,32.766,2.331,32.766,32.766,1.824,0.51
84746,32.766,2.331,32.766,32.766,1.824,0.51
84756,32.766,2.355,32.766,32.766,1.824,0.51
84766,32.766,2.355,32.766,32.766,1.856,0.51
84776,32.766,2.355,32.766,32.766,1.856,0.51
84786,32.766,2.355,32.766,1.493,1.856,0.504
84796,32.766,2.355,32.766,1.493,1.856,0.504
84806,32.766,2.355,32.766,1.493,1.856,0.504
84816,32.766,2.355,32.766,1.493,1.856,0.504
84826,32.766,2.355,32.766,1.493,1.856,0.504
84836,32.766,2.355,32.766,1.493,1.856,0.493
84846,32.766,2.355,32.766,1.493,1.856,0.493
84856,0.357,2.38,32.766,1.493,1.856,0.493
84866,0.357,2.38,32.766,1.493,1.875,0.493
84876,0.357,2.38,32.766,1.493,1.875,0.493
84886,0.357,2.38,32.766,1.496,1.875,0.492
84896,0.357,2.38,32.766,1.496,1.875,0.492
84906,0.357,2.38,32.766,1.496,1.875,0.492
84916,0.357,2.38,32.766,1.496,1.875,0.492
84926,0.357,2.38,32.766,1.496,1.875,0.492
84936,0.357,2.38,32.766,1.496,1.875,0.488
84946,0.357,2.38,32.766,1.496,1.875,0.488
84956,0.335,2.364,32.766,1.496,1.875,0.488
84966,0.335,2.364,32.766,1.496,1.888,0.488
84976,0.335,2.364,32.766,1.496,1.888,0.488
84986,0.335,2.364,32.766,32.766,1.888,0.485
84996,0.335,2.364,32.766,32.766,1.888,0.485
85006,0.335,2.364,32.766,32.766,1.888,0.485
85016,0.335,2.364,32.766,32.766,1.888,0.485
85026,0.335,2.364,32.766,32.766,1.888,0.485
85036,0.335,2.364,32.766,32.766,1.888,0.485
85046,0.335,2.364,32.766,32.766,1.888,0.485
85056,0.319,2.389,32.766,32.766,1.888,0.485
85066,0.319,2.389,32.766,32.766,1.885,0.485
85076,0.319,2.389,32.766,32.766,1.885,0.485
85086,0.319,2.389,32.766,1.486,1.885,0.485
85096,0.319,2.389,32.766,1.486,1.885,0.485
85106,0.319,2.389,32.766,1.486,1.885,0.485
85116,0.319,2.389,32.766,1.486,1.885,0.485
85126,0.319,2.389,32.766,1.486,1.885,0.485
85136,0.319,2.389,32.766,1.486,1.885,0.485
85146,0.319,2.389,32.766,1.486,1.885,0.485
85156,0.303,2.389,32.766,1.486,1.885,0.485
85166,0.303,2.389,32.766,1.486,1.883,0.485
85176,0.303,2.389,32.766,1.486,1.883,0.485
85186,0.303,2.389,32.766,1.479,1.883,0.484
85196,0.303,2.389,32.766,1.479,1.883,0.484
85206,0.303,2.389,32.766,1.479,1.883,0.484
85216,0.303,2.389,32.766,1.479,1.883,0.484
85226,0.303,2.389,32.766,1.479,1.883,0.484
85236,0.303,2.389,32.766,1.479,1.883,0.487
85246,0.303,2.389,32.766,1.479,1.883,0.487
85256,0.277,2.381,32.766,1.479,1.883,0.487
85266,0.277,2.381,32.766,1.479,1.892,0.487
85276,0.277,2.381,32.766,1.479,1.892,0.487
85286,0.277,2.381,32.766,1.49,1.892,0.485
85296,0.277,2.381,32.766,1.49,1.892,0.485
85306,0.277,2.381,32.766,1.49,1.892,0.485
85316,0.277,2.381,32.766,1.49,1.892,0.485
85326,0.277,2.381,32.766,1.49,1.892,0.485
85336,0.277,2.381,32.766,1.49,1.892,0.485
85346,0.277,2.381,32.766,1.49,1.892,0.485
85356,0.236,2.411,32.766,1.49,1.892,0.485
85366,0.236,2.411,32.766,1.49,1.893,0.485
85376,0.236,2.411,32.766,1.49,1.893,0.485
85386,0.236,2.411,32.766,1.489,1.893,0.487
85396,0.236,2.411,32.766,1.489,1.893,0.487
85406,0.236,2.411,32.766,1.489,1.893,0.487
85416,0.236,2.411,32.766,1.489,1.893,0.487
85426,0.236,2.411,32.766,1.489,1.893,0.487
85436,0.236,2.411,32.766,1.489,1.893,0.482
85446,0.236,2.411,32.766,1.489,1.893,0.482
85456,0.197,2.404,32.766,1.489,1.893,0.482
85466,0.197,2.404,32.766,1.489,1.875,0.482
85476,0.197,2.404,32.766,1.489,1.875,0.482
85486,0.197,2.404,32.766,1.493,1.875,0.483
85496,0.197,2.404,32.766,1.493,1.875,0.483
85506,0.197,2.404,32.766,1.493,1.875,0.483
85516,0.197,2.404,32.766,1.493,1.875,0.483
85526,0.197,2.404,32.766,1.493,1.875,0.483
85536,0.197,2.404,32.766,1.493,1.875,0.483
85546,0.197,2.404,32.766,1.493,1.875,0.483
85556,0.173,2.392,32.766,1.493,1.875,0.483
85566,0.173,2.392,32.766,1.493,1.896,0.483
85576,0.173,2.392,32.766,1.493,1.896,0.483
85586,0.173,2.392,32.766,32.766,1.896,0.486
85596,0.173,2.392,32.766,32.766,1.896,0.486
85606,0.173,2.392,32.766,32.766,1.896,0.486
85616,0.173,2.392,32.766,32.766,1.896,0.486
85626,0.173,2.392,32.766,32.766,1.896,0.481
85636,0.173,2.392,32.766,32.766,1.896,0.481
85646,0.173,2.392,32.766,32.766,1.896,0.481
85656,0.155,2.399,32.766,32.766,1.896,0.481
85666,0.155,2.399,32.766,32.766,1.9,0.481
85676,0.155,2.399,32.766,32.766,1.9,0.481
85686,0.155,2.399,32.766,1.501,1.9,0.489
85696,0.155,2.399,32.766,1.501,1.9,0.489
85706,0.155,2.399,32.766,1.501,1.9,0.489
85716,0.155,2.399,32.766,1.501,1.9,0.489
85726,0.155,2.399,32.766,1.501,1.9,0.508
85736,0.155,2.399,32.766,1.501,1.9,0.508
85746,0.155,2.399,32.766,1.501,1.9,0.508
85756,0.146,2.395,32.766,1.501,1.9,0.508
85766,0.146,2.395,32.766,1.501,1.91,0.508
85776,0.146,2.395,32.766,1.501,1.91,0.508
85786,0.146,2.395,32.766,32.766,1.91,0.516
85796,0.146,2.395,32.766,32.766,1.91,0.516
85806,0.146,2.395,32.766,32.766,1.91,0.516
85816,0.146,2.395,32.766,32.766,1.91,0.516
85827,0.146,2.395,32.766,32.766,1.91,0.52
85836,0.146,2.395,32.766,32.766,1.91,0.52
85846,0.146,2.395,32.766,32.766,1.91,0.52
85856,0.149,2.368,32.766,32.766,1.91,0.52
85866,0.149,2.368,32.766,32.766,1.914,0.52
85876,0.149,2.368,32.766,32.766,1.914,0.52
85886,0.149,2.368,32.766,32.766,1.914,0.517
85896,0.149,2.368,32.766,32.766,1.914,0.517
85906,0.149,2.368,32.766,32.766,1.914,0.517
85916,0.149,2.368,32.766,32.766,1.914,0.517
85926,0.149,2.368,32.766,32.766,1.914,0.517
85936,0.149,2.368,32.766,32.766,1.914,0.498
85946,0.149,2.368,32.766,32.766,1.914,0.498
85956,0.162,32.766,32.766,32.766,1.914,0.498
85966,0.162,32.766,32.766,32.766,1.936,0.498
85976,0.162,32.766,32.766,32.766,1.936,0.498
85986,0.162,32.766,32.766,32.766,1.936,0.489
85996,0.162,32.766,32.766,32.766,1.936,0.489
86006,0.162,32.766,32.766,32.766,1.936,0.489
86016,0.162,32.766,32.766,32.766,1.936,0.489
86026,0.162,32.766,32.766,32.766,1.936,0.489
86036,0.162,32.766,32.766,32.766,1.936,0.47
86046,0.162,32.766,32.766,32.766,1.936,0.47
86056,0.19,2.317,32.766,32.766,1.936,0.47
86066,0.19,2.317,32.766,32.766,1.908,0.47
86076,0.19,2.317,32.766,32.766,1.908,0.47
86086,0.19,2.317,32.766,1.483,1.908,0.465
86096,0.19,2.317,32.766,1.483,1.908,0.465
86106,0.19,2.317,32.766,1.483,1.908,0.465
86116,0.19,2.317,32.766,1.483,1.908,0.465
86126,0.19,2.317,32.766,1.483,1.908,0.465
86136,0.19,2.317,32.766,1.483,1.908,0.453
86146,0.19,2.317,32.766,1.483,1.908,0.453
86156,0.206,2.273,32.766,1.483,1.908,0.453
86166,0.206,2.273,32.766,1.483,1.918,0.453
86176,0.206,2.273,32.766,1.483,1.918,0.453
86186,0.206,2.273,32.766,1.469,1.918,0.448
86196,0.206,2.273,32.766,1.469,1.918,0.448
86206,0.206,2.273,32.766,1.469,1.918,0.448
86216,0.206,2.273,32.766,1.469,1.918,0.448
86226,0.206,2.273,32.766,1.469,1.918,0.448
86236,0.206,2.273,32.766,1.469,1.918,0.46
86246,0.206,2.273,32.766,1.469,1.918,0.46
86256,0.243,2.22,32.766,1.469,1.918,0.46
86266,0.243,2.22,32.766,1.469,1.929,0.46
86276,0.243,2.22,32.766,1.469,1.929,0.46
86286,0.243,2.22,32.766,1.453,1.929,0.47
86296,0.243,2.22,32.766,1.453,1.929,0.47
86306,0.243,2.22,32.766,1.453,1.929,0.47
86316,0.243,2.22,32.766,1.453,1.929,0.47
86326,0.243,2.22,32.766,1.453,1.929,0.47
86336,0.243,2.22,32.766,1.453,1.929,0.499
86346,0.243,2.22,32.766,1.453,1.929,0.499
86356,0.284,2.144,32.766,1.453,1.929,0.499
86366,0.284,2.144,32.766,1.453,1.899,0.499
86376,0.284,2.144,32.766,1.453,1.899,0.499
86386,0.284,2.144,32.766,1.449,1.899,0.549
86396,0.284,2.144,32.766,1.449,1.899,0.549
86406,0.284,2.144,32.766,1.449,1.899,0.549
86416,0.284,2.144,32.766,1.449,1.899,0.549
86426,0.284,2.144,32.766,1.449,1.899,0.657
86436,0.284,2.144,32.766,1.449,1.899,0.657
86446,0.284,2.144,32.766,1.449,1.899,0.657
86456,0.338,2.124,32.766,1.449,1.899,0.657
86466,0.338,2.124,32.766,1.449,1.891,0.657
86476,0.338,2.124,32.766,1.449,1.891,0.657
86486,0.338,2.124,32.766,1.427,1.891,0.663
86496,0.338,2.124,32.766,1.427,1.891,0.663
86506,0.338,2.124,32.766,1.427,1.891,0.663
86516,0.338,2.124,32.766,1.427,1.891,0.663
86526,0.338,2.124,32.766,1.427,1.891,0.662
86536,0.338,2.124,32.766,1.427,1.891,0.662
86546,0.338,2.124,32.766,1.427,1.891,0.662
86556,0.463,2.028,32.766,1.427,1.891,0.662
86566,0.463,2.028,32.766,1.427,1.884,0.662
86576,0.463,2.028,32.766,1.427,1.884,0.662
86586,0.463,2.028,32.766,32.766,1.884,0.658
86596,0.463,2.028,32.766,32.766,1.884,0.658
86606,0.463,2.028,32.766,32.766,1.884,0.658
86616,0.463,2.028,32.766,32.766,1.884,0.658
86626,0.463,2.028,32.766,32.766,1.884,0.631
86636,0.463,2.028,32.766,32.766,1.884,0.631
86646,0.463,2.028,32.766,32.766,1.884,0.631
86656,32.766,1.988,32.766,32.766,1.884,0.631
86666,32.766,1.988,32.766,32.766,1.912,0.631
86676,32.766,1.988,32.766,32.766,1.912,0.631
86686,32.766,1.988,32.766,1.438,1.912,0.606
86696,32.766,1.988,32.766,1.438,1.912,0.606
86706,32.766,1.988,32.766,1.438,1.912,0.606
86716,32.766,1.988,32.766,1.438,1.912,0.606
86726,32.766,1.988,32.766,1.438,1.912,0.606
86736,32.766,1.988,32.766,1.438,1.912,0.56
86746,32.766,1.988,32.766,1.438,1.912,0.56
86756,2.947,1.989,32.766,1.438,1.912,0.56
86766,2.947,1.989,32.766,1.438,1.96,0.56
86776,2.947,1.989,32.766,1.438,1.96,0.56
86786,2.947,1.989,32.766,1.425,1.96,0.52
86796,2.947,1.989,32.766,1.425,1.96,0.52
86806,2.947,1.989,32.766,1.425,1.96,0.52
86816,2.947,1.989,32.766,1.425,1.96,0.52
86826,2.947,1.989,32.766,1.425,1.96,0.52
86836,2.947,1.989,32.766,1.425,1.96,0.472
86846,2.947,1.989,32.766,1.425,1.96,0.472
86856,32.766,1.984,32.766,1.425,1.96,0.472
86866,32.766,1.984,32.766,1.425,2.054,0.472
86876,32.766,1.984,32.766,1.425,2.054,0.472
86886,32.766,1.984,32.766,1.423,2.054,0.444
86896,32.766,1.984,32.766,1.423,2.054,0.444
86906,32.766,1.984,32.766,1.423,2.054,0.444
86916,32.766,1.984,32.766,1.423,2.054,0.444
86926,32.766,1.984,32.766,1.423,2.054,0.421
86936,32.766,1.984,32.766,1.423,2.054,0.421
86946,32.766,1.984,32.766,1.423,2.054,0.421
86956,3.005,1.994,32.766,1.423,2.054,0.421
86966,3.005,1.994,32.766,1.423,2.099,0.421
86976,3.005,1.994,32.766,1.423,2.099,0.421
86986,3.005,1.994,32.766,32.766,2.099,0.413
86996,3.005,1.994,32.766,32.766,2.099,0.413
87006,3.005,1.994,32.766,32.766,2.099,0.413
87016,3.005,1.994,32.766,32.766,2.099,0.413
87026,3.005,1.994,32.766,32.766,2.099,0.413
87036,3.005,1.994,32.766,32.766,2.099,0.417
87046,3.005,1.994,32.766,32.766,2.099,0.417
87056,2.942,2.037,32.766,32.766,2.099,0.417
87066,2.942,2.037,32.766,32.766,2.111,0.417
87076,2.942,2.037,32.766,32.766,2.111,0.417
87086,2.942,2.037,32.766,1.419,2.111,0.427
87096,2.942,2.037,32.766,1.419,2.111,0.427
87106,2.942,2.037,32.766,1.419,2.111,0.427
87116,2.942,2.037,32.766,1.419,2.111,0.427
87126,2.942,2.037,32.766,1.419,2.111,0.427
87136,2.942,2.037,32.766,1.419,2.111,0.439
87146,2.942,2.037,32.766,1.419,2.111,0.439
87156,32.766,2.033,32.766,1.419,2.111,0.439
87166,32.766,2.033,32.766,1.419,2.111,0.439
87176,32.766,2.033,32.766,1.419,2.111,0.439
87186,32.766,2.033,32.766,1.412,2.111,0.452
87196,32.766,2.033,32.766,1.412,2.111,0.452
87206,32.766,2.033,32.766,1.412,2.111,0.452
87216,32.766,2.033,32.766,1.412,2.111,0.452
87226,32.766,2.033,32.766,1.412,2.111,0.452
87236,32.766,2.033,32.766,1.412,2.111,0.464
87246,32.766,2.033,32.766,1.412,2.111,0.464
87256,32.766,2.03,32.766,1.412,2.111,0.464
87266,32.766,2.03,32.766,1.412,2.081,0.464
87276,32.766,2.03,32.766,1.412,2.081,0.464
87286,32.766,2.03,32.766,32.766,2.081,0.468
87296,32.766,2.03,32.766,32.766,2.081,0.468
87306,32.766,2.03,32.766,32.766,2.081,0.468
87316,32.766,2.03,32.766,32.766,2.081,0.468
87326,32.766,2.03,32.766,32.766,2.081,0.468
87336,32.766,2.03,32.766,32.766,2.081,0.474
87346,32.766,2.03,32.766,32.766,2.081,0.474
87356,32.766,2.033,32.766,32.766,2.081,0.474
87366,32.766,2.033,32.766,32.766,2.069,0.474
87376,32.766,2.033,32.766,32.766,2.069,0.474
87386,32.766,2.033,32.766,1.378,2.069,0.475
87396,32.766,2.033,32.766,1.378,2.069,0.475
87406,32.766,2.033,32.766,1.378,2.069,0.475
87416,32.766,2.033,32.766,1.378,2.069,0.475
87426,32.766,2.033,32.766,1.378,2.069,0.475
87436,32.766,2.033,32.766,1.378,2.069,0.479
87446,32.766,2.033,32.766,1.378,2.069,0.479
87456,32.766,2.023,32.766,1.378,2.069,0.479
87466,32.766,2.023,32.766,1.378,2.062,0.479
87476,32.766,2.023,32.766,1.378,2.062,0.479
87486,32.766,2.023,32.766,1.39,2.062,0.479
87496,32.766,2.023,32.766,1.39,2.062,0.479
87506,32.766,2.023,32.766,1.39,2.062,0.479
87516,32.766,2.023,32.766,1.39,2.062,0.479
87526,32.766,2.023,32.766,1.39,2.062,0.479
87536,32.766,2.023,32.766,1.39,2.062,0.48
87546,32.766,2.023,32.766,1.39,2.062,0.48
87556,32.766,2.026,32.766,1.39,2.062,0.48
87566,32.766,2.026,32.766,1.39,2.059,0.48
87576,32.766,2.026,32.766,1.39,2.059,0.48
87586,32.766,2.026,32.766,1.375,2.059,0.478
87596,32.766,2.026,32.766,1.375,2.059,0.478
87606,32.766,2.026,32.766,1.375,2.059,0.478
87616,32.766,2.026,32.766,1.375,2.059,0.478
87626,32.766,2.026,32.766,1.375,2.059,0.478
87636,32.766,2.026,32.766,1.375,2.059,0.477
87646,32.766,2.026,32.766,1.375,2.059,0.477
87656,32.766,2.004,32.766,1.375,2.059,0.477
87666,32.766,2.004,32.766,1.375,2.056,0.477
87676,32.766,2.004,32.766,1.375,2.056,0.477
87686,32.766,2.004,32.766,1.381,2.056,0.475
87696,32.766,2.004,32.766,1.381,2.056,0.475
87706,32.766,2.004,32.766,1.381,2.056,0.475
87716,32.766,2.004,32.766,1.381,2.056,0.475
87726,32.766,2.004,32.766,1.381,2.056,0.475
87736,32.766,2.004,32.766,1.381,2.056,0.474
87746,32.766,2.004,32.766,1.381,2.056,0.474
87756,32.766,1.997,32.766,1.381,2.056,0.474
87766,32.766,1.997,32.766,1.381,2.065,0.474
87776,32.766,1.997,32.766,1.381,2.065,0.474
87786,32.766,1.997,32.766,1.372,2.065,0.471
87796,32.766,1.997,32.766,1.372,2.065,0.471
87806,32.766,1.997,32.766,1.372,2.065,0.471
87816,32.766,1.997,32.766,1.372,2.065,0.471
87826,32.766,1.997,32.766,1.372,2.065,0.471
87836,32.766,1.997,32.766,1.372,2.065,0.472
87846,32.766,1.997,32.766,1.372,2.065,0.472
87856,32.766,1.988,32.766,1.372,2.065,0.472
87866,32.766,1.988,32.766,1.372,2.063,0.472
87876,32.766,1.988,0.606,1.372,2.063,0.472
87886,32.766,1.988,0.606,1.368,2.063,0.473
87896,32.766,1.988,0.606,1.368,2.063,0.473
87906,32.766,1.988,0.606,1.368,2.063,0.473
87916,32.766,1.988,0.606,1.368,2.063,0.473
87926,32.766,1.988,0.606,1.368,2.063,0.473
87936,32.766,1.988,0.606,1.368,2.063,0.477
87946,32.766,1.988,0.606,1.368,2.063,0.477
87956,32.766,1.984,0.606,1.368,2.063,0.477
87966,32.766,1.984,0.606,1.368,2.055,0.477
87976,32.766,1.984,0.521,1.368,2.055,0.477
87986,32.766,1.984,0.521,1.371,2.055,0.478
87996,32.766,1.984,0.521,1.371,2.055,0.478
88006,32.766,1.984,0.521,1.371,2.055,0.478
88016,32.766,1.984,0.521,1.371,2.055,0.478
88026,32.766,1.984,0.521,1.371,2.055,0.478
88036,32.766,1.984,0.521,1.371,2.055,0.48
88046,32.766,1.984,0.521,1.371,2.055,0.48
88056,32.766,1.979,0.521,1.371,2.055,0.48
88066,32.766,1.979,0.521,1.371,2.039,0.48
88076,32.766,1.979,0.469,1.371,2.039,0.48
88086,32.766,1.979,0.469,32.766,2.039,0.48
88096,32.766,1.979,0.469,32.766,2.039,0.48
88106,32.766,1.979,0.469,32.766,2.039,0.48
88116,32.766,1.979,0.469,32.766,2.039,0.48
88126,32.766,1.979,0.469,32.766,2.039,0.48
88136,32.766,1.979,0.469,32.766,2.039,0.487
88146,32.766,1.979,0.469,32.766,2.039,0.487
88156,32.766,1.967,0.469,32.766,2.039,0.487
88166,32.766,1.967,0.469,32.766,2.046,0.487
88176,32.766,1.967,0.467,32.766,2.046,0.487
88186,32.766,1.967,0.467,1.366,2.046,0.491
88196,32.766,1.967,0.467,1.366,2.046,0.491
88206,32.766,1.967,0.467,1.366,2.046,0.491
88216,32.766,1.967,0.467,1.366,2.046,0.491
88226,32.766,1.967,0.467,1.366,2.046,0.491
88236,32.766,1.967,0.467,1.366,2.046,0.496
88246,32.766,1.967,0.467,1.366,2.046,0.496
88256,32.766,1.971,0.467,1.366,2.046,0.496
88266,32.766,1.971,0.467,1.366,2.046,0.496
88276,32.766,1.971,0.537,1.366,2.046,0.496
88286,32.766,1.971,0.537,1.36,2.046,0.497
88296,32.766,1.971,0.537,1.36,2.046,0.497
88306,32.766,1.971,0.537,1.36,2.046,0.497
88316,32.766,1.971,0.537,1.36,2.046,0.497
88326,32.766,1.971,0.537,1.36,2.046,0.497
88336,32.766,1.971,0.537,1.36,2.046,0.5
88346,32.766,1.971,0.537,1.36,2.046,0.5
88356,32.766,1.961,0.537,1.36,2.046,0.5
88366,32.766,1.961,0.537,1.36,2.03,0.5
88376,32.766,1.961,0.518,1.36,2.03,0.5
88386,32.766,1.961,0.518,1.352,2.03,0.501
88396,32.766,1.961,0.518,1.352,2.03,0.501
88406,32.766,1.961,0.518,1.352,2.03,0.501
88416,32.766,1.961,0.518,1.352,2.03,0.501
88426,32.766,1.961,0.518,1.352,2.03,0.501
88436,32.766,1.961,0.518,1.352,2.03,0.503
88446,32.766,1.961,0.518,1.352,2.03,0.503
88456,32.766,0.249,0.518,1.352,2.03,0.503
88466,32.766,0.249,0.518,1.352,1.994,0.503
88476,32.766,0.249,0.461,1.352,1.994,0.503
88486,32.766,0.249,0.461,1.362,1.994,0.501
88496,32.766,0.249,0.461,1.362,1.994,0.501
88506,32.766,0.249,0.461,1.362,1.994,0.501
88516,32.766,0.249,0.461,1.362,1.994,0.501
88526,32.766,0.249,0.461,1.362,1.994,0.5
88536,32.766,0.249,0.461,1.362,1.994,0.5
88546,32.766,0.249,0.461,1.362,1.994,0.5
88556,32.766,0.201,0.461,1.362,1.994,0.5
88566,32.766,0.201,0.461,1.362,1.96,0.5
88576,32.766,0.201,0.447,1.362,1.96,0.5
88586,32.766,0.201,0.447,1.36,1.96,0.498
88596,32.766,0.201,0.447,1.36,1.96,0.498
88606,32.766,0.201,0.447,1.36,1.96,0.498
88616,32.766,0.201,0.447,1.36,1.96,0.498
88626,32.766,0.201,0.447,1.36,1.96,0.498
88636,32.766,0.201,0.447,1.36,1.96,0.501
88646,32.766,0.201,0.447,1.36,1.96,0.501
88656,32.766,0.183,0.447,1.36,1.96,0.501
88666,32.766,0.183,0.447,1.36,1.925,0.501
88676,32.766,0.183,0.499,1.36,1.925,0.501
88686,32.766,0.183,0.499,32.766,1.925,0.5
88696,32.766,0.183,0.499,32.766,1.925,0.5
88706,32.766,0.183,0.499,32.766,1.925,0.5
88716,32.766,0.183,0.499,32.766,1.925,0.5
88726,32.766,0.183,0.499,32.766,1.925,0.5
88736,32.766,0.183,0.499,32.766,1.925,0.497
88746,32.766,0.183,0.499,32.766,1.925,0.497
88756,32.766,0.151,0.499,32.766,1.925,0.497
88766,32.766,0.151,0.499,32.766,1.91,0.497
88776,32.766,0.151,32.766,32.766,1.91,0.497
88786,32.766,0.151,32.766,1.349,1.91,0.491
88796,32.766,0.151,32.766,1.349,1.91,0.491
88806,32.766,0.151,32.766,1.349,1.91,0.491
88816,32.766,0.151,32.766,1.349,1.91,0.491
88826,32.766,0.151,32.766,1.349,1.91,0.491
88836,32.766,0.151,32.766,1.349,1.91,0.491
88846,32.766,0.151,32.766,1.349,1.91,0.491
88856,32.766,0.122,32.766,1.349,1.91,0.491
88866,32.766,0.122,32.766,1.349,1.892,0.491
88876,32.766,0.122,32.766,1.349,1.892,0.491
88886,32.766,0.122,32.766,1.347,1.892,0.492
88896,32.766,0.122,32.766,1.347,1.892,0.492
88906,32.766,0.122,32.766,1.347,1.892,0.492
88916,32.766,0.122,32.766,1.347,1.892,0.492
88926,32.766,0.122,32.766,1.347,1.892,0.492
88936,32.766,0.122,32.766,1.347,1.892,0.498
88946,32.766,0.122,32.766,1.347,1.892,0.498
88956,32.766,0.103,32.766,1.347,1.892,0.498
88966,32.766,0.103,32.766,1.347,2.009,0.498
88976,32.766,0.103,32.766,1.347,2.009,0.498
88986,32.766,0.103,32.766,1.351,2.009,0.5
88996,32.766,0.103,32.766,1.351,2.009,0.5
89006,32.766,0.103,32.766,1.351,2.009,0.5
89016,32.766,0.103,32.766,1.351,2.009,0.5
89026,32.766,0.103,32.766,1.351,2.009,0.5
89036,32.766,0.103,32.766,1.351,2.009,0.505
89046,32.766,0.103,32.766,1.351,2.009,0.505
89056,32.766,0.108,32.766,1.351,2.009,0.505
89066,32.766,0.108,32.766,1.351,2.033,0.505
89076,32.766,0.108,32.766,1.351,2.033,0.505
89086,32.766,0.108,32.766,32.766,2.033,0.504
89096,32.766,0.108,32.766,32.766,2.033,0.504
89106,32.766,0.108,32.766,32.766,2.033,0.504
89116,32.766,0.108,32.766,32.766,2.033,0.504
89126,32.766,0.108,32.766,32.766,2.033,0.504
89136,32.766,0.108,32.766,32.766,2.033,0.505
89146,32.766,0.108,32.766,32.766,2.033,0.505
89156,32.766,0.126,32.766,32.766,2.033,0.505
89166,32.766,0.126,32.766,32.766,2.043,0.505
89176,32.766,0.126,32.766,32.766,2.043,0.505
89186,32.766,0.126,32.766,1.346,2.043,0.5
89196,32.766,0.126,32.766,1.346,2.043,0.5
89206,32.766,0.126,32.766,1.346,2.043,0.5
89216,32.766,0.126,32.766,1.346,2.043,0.5
89226,32.766,0.126,32.766,1.346,2.043,0.5
89236,32.766,0.126,32.766,1.346,2.043,0.499
89246,32.766,0.126,32.766,1.346,2.043,0.499
89256,32.766,0.141,32.766,1.346,2.043,0.499
89266,32.766,0.141,32.766,1.346,2.043,0.499
89276,32.766,0.141,32.766,1.346,2.043,0.499
89286,32.766,0.141,32.766,1.362,2.043,0.495
89296,32.766,0.141,32.766,1.362,2.043,0.495
89306,32.766,0.141,32.766,1.362,2.043,0.495
89316,32.766,0.141,32.766,1.362,2.043,0.495
89326,32.766,0.141,32.766,1.362,2.043,0.495
89336,32.766,0.141,32.766,1.362,2.043,0.501
89346,32.766,0.141,32.766,1.362,2.043,0.501
89356,32.766,0.165,32.766,1.362,2.043,0.501
89366,32.766,0.165,32.766,1.362,2.035,0.501
89376,32.766,0.165,32.766,1.362,2.035,0.501
89386,32.766,0.165,32.766,32.766,2.035,0.483
89396,32.766,0.165,32.766,32.766,2.035,0.483
89406,32.766,0.165,32.766,32.766,2.035,0.483
89416,32.766,0.165,32.766,32.766,2.035,0.483
89426,32.766,0.165,32.766,32.766,2.035,0.483
89436,32.766,0.165,32.766,32.766,2.035,0.417
89446,32.766,0.165,32.766,32.766,2.035,0.417
89456,32.766,0.177,32.766,32.766,2.035,0.417
89466,32.766,0.177,32.766,32.766,2.035,0.417
89476,32.766,0.177,32.766,32.766,2.035,0.417
89486,32.766,0.177,32.766,1.382,2.035,0.368
89496,32.766,0.177,32.766,1.382,2.035,0.368
89506,32.766,0.177,32.766,1.382,2.035,0.368
89516,32.766,0.177,32.766,1.382,2.035,0.368
89526,32.766,0.177,32.766,1.382,2.035,0.343
89536,32.766,0.177,32.766,1.382,2.035,0.343
89546,32.766,0.177,32.766,1.382,2.035,0.343
89556,32.766,0.199,32.766,1.382,2.035,0.343
89566,32.766,0.199,32.766,1.382,2.03,0.343
89576,32.766,0.199,32.766,1.382,2.03,0.343
89586,32.766,0.199,32.766,1.372,2.03,0.348
89596,32.766,0.199,32.766,1.372,2.03,0.348
89606,32.766,0.199,32.766,1.372,2.03,0.348
89616,32.766,0.199,32.766,1.372,2.03,0.348
89627,32.766,0.199,32.766,1.372,2.03,0.363
89636,32.766,0.199,32.766,1.372,2.03,0.363
89647,32.766,0.199,32.766,1.372,2.03,0.363
89656,32.766,0.23,32.766,1.372,2.03,0.363
89666,32.766,0.23,32.766,1.372,2.02,0.363
89676,32.766,0.23,32.766,1.372,2.02,0.363
89686,32.766,0.23,32.766,1.382,2.02,0.396
89696,32.766,0.23,32.766,1.382,2.02,0.396
89706,32.766,0.23,32.766,1.382,2.02,0.396
89716,32.766,0.23,32.766,1.382,2.02,0.396
89726,32.766,0.23,32.766,1.382,2.02,0.396
89736,32.766,0.23,32.766,1.382,2.02,0.442
89746,32.766,0.23,32.766,1.382,2.02,0.442
89756,32.766,0.267,32.766,1.382,2.02,0.442
89766,32.766,0.267,32.766,1.382,1.939,0.442
89776,32.766,0.267,32.766,1.382,1.939,0.442
89786,32.766,0.267,32.766,1.395,1.939,0.482
89796,32.766,0.267,32.766,1.395,1.939,0.482
89806,32.766,0.267,32.766,1.395,1.939,0.482
89816,32.766,0.267,32.766,1.395,1.939,0.482
89826,32.766,0.267,32.766,1.395,1.939,0.482
89836,32.766,0.267,32.766,1.395,1.939,0.533
89846,32.766,0.267,32.766,1.395,1.939,0.533
89856,32.766,0.378,32.766,1.395,1.939,0.533
89866,32.766,0.378,32.766,1.395,1.859,0.533
89876,32.766,0.378,32.766,1.395,1.859,0.533
89886,32.766,0.378,32.766,1.402,1.859,0.564
89896,32.766,0.378,32.766,1.402,1.859,0.564
89906,32.766,0.378,32.766,1.402,1.859,0.564
89916,32.766,0.378,32.766,1.402,1.859,0.564
89926,32.766,0.378,32.766,1.402,1.859,0.564
89936,32.766,0.378,32.766,1.402,1.859,0.614
89946,32.766,0.378,32.766,1.402,1.859,0.614
89956,32.766,0.441,32.766,1.402,1.859,0.614
89966,32.766,0.441,32.766,1.402,1.791,0.614
89976,32.766,0.441,32.766,1.402,1.791,0.614
89986,32.766,0.441,32.766,32.766,1.791,0.648
89996,32.766,0.441,32.766,32.766,1.791,0.648
90006,32.766,0.441,32.766,32.766,1.791,0.648
90016,32.766,0.441,32.766,32.766,1.791,0.648
90026,32.766,0.441,32.766,32.766,1.791,0.666
90036,32.766,0.441,32.766,32.766,1.791,0.666
90046,32.766,0.441,32.766,32.766,1.791,0.666
90056,32.766,0.592,32.766,32.766,1.791,0.666
90066,32.766,0.592,32.766,32.766,1.788,0.666
90076,32.766,0.592,32.766,32.766,1.788,0.666
90086,32.766,0.592,32.766,1.409,1.788,0.682
90096,32.766,0.592,32.766,1.409,1.788,0.682
90106,32.766,0.592,32.766,1.409,1.788,0.682
90116,32.766,0.592,32.766,1.409,1.788,0.682
90126,32.766,0.592,32.766,1.409,1.788,0.681
90136,32.766,0.592,32.766,1.409,1.788,0.681
90146,32.766,0.592,32.766,1.409,1.788,0.681
90156,32.766,32.766,32.766,1.409,1.788,0.681
90166,32.766,32.766,32.766,1.409,1.801,0.681
90176,32.766,32.766,32.766,1.409,1.801,0.681
90186,32.766,32.766,32.766,1.433,1.801,0.656
90196,32.766,32.766,32.766,1.433,1.801,0.656
90206,32.766,32.766,32.766,1.433,1.801,0.656
90216,32.766,32.766,32.766,1.433,1.801,0.656
90226,32.766,32.766,32.766,1.433,1.801,0.614
90236,32.766,32.766,32.766,1.433,1.801,0.614
90246,32.766,32.766,32.766,1.433,1.801,0.614
90256,32.766,2.272,32.766,1.433,1.801,0.614
90266,32.766,2.272,32.766,1.433,1.842,0.614
90276,32.766,2.272,32.766,1.433,1.842,0.614
90286,32.766,2.272,32.766,1.418,1.842,0.578
90296,32.766,2.272,32.766,1.418,1.842,0.578
90306,32.766,2.272,32.766,1.418,1.842,0.578
90316,32.766,2.272,32.766,1.418,1.842,0.578
90326,32.766,2.272,32.766,1.418,1.842,0.578
90336,32.766,2.272,32.766,1.418,1.842,0.519
90346,32.766,2.272,32.766,1.418,1.842,0.519
90356,32.766,2.363,32.766,1.418,1.842,0.519
90366,32.766,2.363,32.766,1.418,1.888,0.519
90376,32.766,2.363,32.766,1.418,1.888,0.519
90386,32.766,2.363,32.766,32.766,1.888,0.475
90396,32.766,2.363,32.766,32.766,1.888,0.475
90406,32.766,2.363,32.766,32.766,1.888,0.475
90416,32.766,2.363,32.766,32.766,1.888,0.475
90426,32.766,2.363,32.766,32.766,1.888,0.441
90436,32.766,2.363,32.766,32.766,1.888,0.441
90446,32.766,2.363,32.766,32.766,1.888,0.441
90456,32.766,2.351,32.766,32.766,1.888,0.441
90466,32.766,2.351,32.766,32.766,1.936,0.441
90476,32.766,2.351,32.766,32.766,1.936,0.441
90486,32.766,2.351,32.766,32.766,1.936,0.43
90496,32.766,2.351,32.766,32.766,1.936,0.43
90506,32.766,2.351,32.766,32.766,1.936,0.43
90516,32.766,2.351,32.766,32.766,1.936,0.43
90526,32.766,2.351,32.766,32.766,1.936,0.43
90536,32.766,2.351,32.766,32.766,1.936,0.431
90546,32.766,2.351,32.766,32.766,1.936,0.431
90556,32.766,2.348,32.766,32.766,1.936,0.431
90566,32.766,2.348,32.766,32.766,1.936,0.431
90576,32.766,2.348,32.766,32.766,1.936,0.431
90586,32.766,2.348,32.766,1.408,1.936,0.443
90596,32.766,2.348,32.766,1.408,1.936,0.443
90606,32.766,2.348,32.766,1.408,1.936,0.443
90616,32.766,2.348,32.766,1.408,1.936,0.443
90626,32.766,2.348,32.766,1.408,1.936,0.443
90636,32.766,2.348,32.766,1.408,1.936,0.462
90646,32.766,2.348,32.766,1.408,1.936,0.462
90656,3.261,2.329,32.766,1.408,1.936,0.462
90666,3.261,2.329,32.766,1.408,1.907,0.462
90676,3.261,2.329,32.766,1.408,1.907,0.462
90686,3.261,2.329,32.766,1.4,1.907,0.477
90696,3.261,2.329,32.766,1.4,1.907,0.477
90706,3.261,2.329,32.766,1.4,1.907,0.477
90716,3.261,2.329,32.766,1.4,1.907,0.477
90726,3.261,2.329,32.766,1.4,1.907,0.477
90736,3.261,2.329,32.766,1.4,1.907,0.499
90746,3.261,2.329,32.766,1.4,1.907,0.499
90756,32.766,2.346,32.766,1.4,1.907,0.499
90766,32.766,2.346,32.766,1.4,1.867,0.499
90776,32.766,2.346,32.766,1.4,1.867,0.499
90786,32.766,2.346,32.766,1.409,1.867,0.516
90796,32.766,2.346,32.766,1.409,1.867,0.516
90806,32.766,2.346,32.766,1.409,1.867,0.516
90816,32.766,2.346,32.766,1.409,1.867,0.516
90826,32.766,2.346,32.766,1.409,1.867,0.516
90836,32.766,2.346,32.766,1.409,1.867,0.524
90846,32.766,2.346,32.766,1.409,1.867,0.524
90856,32.766,2.29,32.766,1.409,1.867,0.524
90866,32.766,2.29,32.766,1.409,1.841,0.524
90876,32.766,2.29,32.766,1.409,1.841,0.524
90886,32.766,2.29,32.766,32.766,1.841,0.53
90896,32.766,2.29,32.766,32.766,1.841,0.53
90906,32.766,2.29,32.766,32.766,1.841,0.53
90916,32.766,2.29,32.766,32.766,1.841,0.53
90926,32.766,2.29,32.766,32.766,1.841,0.53
90936,32.766,2.29,32.766,32.766,1.841,0.527
90946,32.766,2.29,32.766,32.766,1.841,0.527
90956,32.766,2.301,32.766,32.766,1.841,0.527
90966,32.766,2.301,32.766,32.766,1.838,0.527
90976,32.766,2.301,32.766,32.766,1.838,0.527
90986,32.766,2.301,32.766,1.406,1.838,0.526
90996,32.766,2.301,32.766,1.406,1.838,0.526
91006,32.766,2.301,32.766,1.406,1.838,0.526
91016,32.766,2.301,32.766,1.406,1.838,0.526
91026,32.766,2.301,32.766,1.406,1.838,0.526
91036,32.766,2.301,32.766,1.406,1.838,0.524
91046,32.766,2.301,32.766,1.406,1.838,0.524
91056,32.766,2.291,32.766,1.406,1.838,0.524
91066,32.766,2.291,32.766,1.406,1.862,0.524
91076,32.766,2.291,32.766,1.406,1.862,0.524
91086,32.766,2.291,32.766,32.766,1.862,0.516
91096,32.766,2.291,32.766,32.766,1.862,0.516
91106,32.766,2.291,32.766,32.766,1.862,0.516
91116,32.766,2.291,32.766,32.766,1.862,0.516
91126,32.766,2.291,32.766,32.766,1.862,0.516
91136,32.766,2.291,32.766,32.766,1.862,0.514
91146,32.766,2.291,32.766,32.766,1.862,0.514
91156,32.766,2.298,32.766,32.766,1.862,0.514
91166,32.766,2.298,32.766,32.766,1.859,0.514
91176,32.766,2.298,0.626,32.766,1.859,0.514
91186,32.766,2.298,0.626,1.397,1.859,0.507
91196,32.766,2.298,0.626,1.397,1.859,0.507
91206,32.766,2.298,0.626,1.397,1.859,0.507
91216,32.766,2.298,0.626,1.397,1.859,0.507
91226,32.766,2.298,0.626,1.397,1.859,0.507
91236,32.766,2.298,0.626,1.397,1.859,0.501
91246,32.766,2.298,0.626,1.397,1.859,0.501
91256,32.766,32.766,0.626,1.397,1.859,0.501
91266,32.766,32.766,0.626,1.397,1.878,0.501
91276,32.766,32.766,0.561,1.397,1.878,0.501
91286,32.766,32.766,0.561,32.766,1.878,0.497
91296,32.766,32.766,0.561,32.766,1.878,0.497
91306,32.766,32.766,0.561,32.766,1.878,0.497
91316,32.766,32.766,0.561,32.766,1.878,0.497
91326,32.766,32.766,0.561,32.766,1.878,0.497
91336,32.766,32.766,0.561,32.766,1.878,0.501
91346,32.766,32.766,0.561,32.766,1.878,0.501
91356,32.766,0.2,0.561,32.766,1.878,0.501
91366,32.766,0.2,0.561,32.766,1.882,0.501
91376,32.766,0.2,0.549,32.766,1.882,0.501
91386,32.766,0.2,0.549,1.415,1.882,0.497
91396,32.766,0.2,0.549,1.415,1.882,0.497
91406,32.766,0.2,0.549,1.415,1.882,0.497
91416,32.766,0.2,0.549,1.415,1.882,0.497
91426,32.766,0.2,0.549,1.415,1.882,0.497
91436,32.766,0.2,0.549,1.415,1.882,0.496
91446,32.766,0.2,0.549,1.415,1.882,0.496
91456,32.766,0.165,0.549,1.415,1.882,0.496
91466,32.766,0.165,0.549,1.415,1.885,0.496
91476,32.766,0.165,0.527,1.415,1.885,0.496
91486,32.766,0.165,0.527,1.41,1.885,0.497
91496,32.766,0.165,0.527,1.41,1.885,0.497
91506,32.766,0.165,0.527,1.41,1.885,0.497
91516,32.766,0.165,0.527,1.41,1.885,0.497
91526,32.766,0.165,0.527,1.41,1.885,0.491
91536,32.766,0.165,0.527,1.41,1.885,0.491
91546,32.766,0.165,0.527,1.41,1.885,0.491
91556,32.766,0.129,0.527,1.41,1.885,0.491
91566,32.766,0.129,0.527,1.41,1.884,0.491
91576,32.766,0.129,0.514,1.41,1.884,0.491
91586,32.766,0.129,0.514,1.415,1.884,0.492
91596,32.766,0.129,0.514,1.415,1.884,0.492
91606,32.766,0.129,0.514,1.415,1.884,0.492
91616,32.766,0.129,0.514,1.415,1.884,0.492
91626,32.766,0.129,0.514,1.415,1.884,0.492
91636,32.766,0.129,0.514,1.415,1.884,0.495
91646,32.766,0.129,0.514,1.415,1.884,0.495
91656,32.766,0.108,0.514,1.415,1.884,0.495
91666,32.766,0.108,0.514,1.415,1.882,0.495
91676,32.766,0.108,0.51,1.415,1.882,0.495
91686,32.766,0.108,0.51,32.766,1.882,0.495
91696,32.766,0.108,0.51,32.766,1.882,0.495
91706,32.766,0.108,0.51,32.766,1.882,0.495
91716,32.766,0.108,0.51,32.766,1.882,0.495
91726,32.766,0.108,0.51,32.766,1.882,0.495
91736,32.766,0.108,0.51,32.766,1.882,0.496
91746,32.766,0.108,0.51,32.766,1.882,0.496
91756,32.766,0.109,0.51,32.766,1.882,0.496
91766,32.766,0.109,0.51,32.766,1.897,0.496
91776,32.766,0.109,0.499,32.766,1.897,0.496
91786,32.766,0.109,0.499,32.766,1.897,0.498
91796,32.766,0.109,0.499,32.766,1.897,0.498
91806,32.766,0.109,0.499,32.766,1.897,0.498
91816,32.766,0.109,0.499,32.766,1.897,0.498
91826,32.766,0.109,0.499,32.766,1.897,0.498
91836,32.766,0.109,0.499,32.766,1.897,0.498
91846,32.766,0.109,0.499,32.766,1.897,0.498
91856,3.225,0.132,0.499,32.766,1.897,0.498
91866,3.225,0.132,0.499,32.766,1.874,0.498
91876,3.225,0.132,0.516,32.766,1.874,0.498
91886,3.225,0.132,0.516,1.402,1.874,0.499
91896,3.225,0.132,0.516,1.402,1.874,0.499
91906,3.225,0.132,0.516,1.402,1.874,0.499
91916,3.225,0.132,0.516,1.402,1.874,0.499
91926,3.225,0.132,0.516,1.402,1.874,0.493
91936,3.225,0.132,0.516,1.402,1.874,0.493
91946,3.225,0.132,0.516,1.402,1.874,0.493
91956,32.766,0.162,0.516,1.402,1.874,0.493
91966,32.766,0.162,0.516,1.402,1.874,0.493
91976,32.766,0.162,0.525,1.402,1.874,0.493
91986,32.766,0.162,0.525,32.766,1.874,0.49
91996,32.766,0.162,0.525,32.766,1.874,0.49
92006,32.766,0.162,0.525,32.766,1.874,0.49
92016,32.766,0.162,0.525,32.766,1.874,0.49
92026,32.766,0.162,0.525,32.766,1.874,0.49
92036,32.766,0.162,0.525,32.766,1.874,0.491
92046,32.766,0.162,0.525,32.766,1.874,0.491
92056,32.766,0.205,0.525,32.766,1.874,0.491
92066,32.766,0.205,0.525,32.766,1.874,0.491
92076,32.766,0.205,0.537,32.766,1.874,0.491
92086,32.766,0.205,0.537,1.402,1.874,0.509
92096,32.766,0.205,0.537,1.402,1.874,0.509
92106,32.766,0.205,0.537,1.402,1.874,0.509
92116,32.766,0.205,0.537,1.402,1.874,0.509
92126,32.766,0.205,0.537,1.402,1.874,0.509
92136,32.766,0.205,0.537,1.402,1.874,0.558
92146,32.766,0.205,0.537,1.402,1.874,0.558
92156,32.766,0.293,0.537,1.402,1.874,0.558
92166,32.766,0.293,0.537,1.402,1.906,0.558
92176,32.766,0.293,0.544,1.402,1.906,0.558
92186,32.766,0.293,0.544,1.397,1.906,0.604
92196,32.766,0.293,0.544,1.397,1.906,0.604
92206,32.766,0.293,0.544,1.397,1.906,0.604
92216,32.766,0.293,0.544,1.397,1.906,0.604
92226,32.766,0.293,0.544,1.397,1.906,0.661
92236,32.766,0.293,0.544,1.397,1.906,0.661
92246,32.766,0.293,0.544,1.397,1.906,0.661
92256,32.766,2.542,0.544,1.397,1.906,0.661
92266,32.766,2.542,0.544,1.397,1.886,0.661
92276,32.766,2.542,0.535,1.397,1.886,0.661
92286,32.766,2.542,0.535,32.766,1.886,0.664
92296,32.766,2.542,0.535,32.766,1.886,0.664
92306,32.766,2.542,0.535,32.766,1.886,0.664
92316,32.766,2.542,0.535,32.766,1.886,0.664
92326,32.766,2.542,0.535,32.766,1.886,0.654
92336,32.766,2.542,0.535,32.766,1.886,0.654
92346,32.766,2.542,0.535,32.766,1.886,0.654
92356,32.766,2.536,0.535,32.766,1.886,0.654
92366,32.766,2.536,0.535,32.766,1.926,0.654
92376,32.766,2.536,0.516,32.766,1.926,0.654
92386,32.766,2.536,0.516,1.406,1.926,0.639
92396,32.766,2.536,0.516,1.406,1.926,0.639
92406,32.766,2.536,0.516,1.406,1.926,0.639
92416,32.766,2.536,0.516,1.406,1.926,0.639
92426,32.766,2.536,0.516,1.406,1.926,0.605
92436,32.766,2.536,0.516,1.406,1.926,0.605
92446,32.766,2.536,0.516,1.406,1.926,0.605
92456,32.766,2.476,0.516,1.406,1.926,0.605
92466,32.766,2.476,0.516,1.406,1.983,0.605
92476,32.766,2.476,0.48,1.406,1.983,0.605
92486,32.766,2.476,0.48,1.398,1.983,0.572
92496,32.766,2.476,0.48,1.398,1.983,0.572
92506,32.766,2.476,0.48,1.398,1.983,0.572
92516,32.766,2.476,0.48,1.398,1.983,0.572
92526,32.766,2.476,0.48,1.398,1.983,0.572
92536,32.766,2.476,0.48,1.398,1.983,0.516
92546,32.766,2.476,0.48,1.398,1.983,0.516
92556,32.766,2.529,0.48,1.398,1.983,0.516
92566,32.766,2.529,0.48,1.398,2.051,0.516
92576,32.766,2.529,0.458,1.398,2.051,0.516
92586,32.766,2.529,0.458,32.766,2.051,0.479
92596,32.766,2.529,0.458,32.766,2.051,0.479
92606,32.766,2.529,0.458,32.766,2.051,0.479
92616,32.766,2.529,0.458,32.766,2.051,0.479
92626,32.766,2.529,0.458,32.766,2.051,0.479
92636,32.766,2.529,0.458,32.766,2.051,0.432
92646,32.766,2.529,0.458,32.766,2.051,0.432
92656,32.766,32.766,0.458,32.766,2.051,0.432
92666,32.766,32.766,0.458,32.766,32.766,0.432
92676,32.766,32.766,0.462,32.766,32.766,0.432
92686,32.766,32.766,0.462,1.417,32.766,0.411
92696,32.766,32.766,0.462,1.417,32.766,0.411
92706,32.766,32.766,0.462,1.417,32.766,0.411
92716,32.766,32.766,0.462,1.417,32.766,0.411
92726,32.766,32.766,0.462,1.417,32.766,0.411
92736,32.766,32.766,0.462,1.417,32.766,0.398
92746,32.766,32.766,0.462,1.417,32.766,0.398
92756,2.059,32.766,0.462,1.417,32.766,0.398
92766,2.059,32.766,0.462,1.417,2.143,0.398
92776,2.059,32.766,0.475,1.417,2.143,0.398
92786,2.059,32.766,0.475,1.425,2.143,0.398
92796,2.059,32.766,0.475,1.425,2.143,0.398
92806,2.059,32.766,0.475,1.425,2.143,0.398
92816,2.059,32.766,0.475,1.425,2.143,0.398
92826,2.059,32.766,0.475,1.425,2.143,0.398
92836,2.059,32.766,0.475,1.425,2.143,0.412
92846,2.059,32.766,0.475,1.425,2.143,0.412
92856,2.037,2.631,0.475,1.425,2.143,0.412
92866,2.037,2.631,0.475,1.425,2.118,0.412
92876,2.037,2.631,0.529,1.425,2.118,0.412
92886,2.037,2.631,0.529,1.414,2.118,0.428
92896,2.037,2.631,0.529,1.414,2.118,0.428
92906,2.037,2.631,0.529,1.414,2.118,0.428
92916,2.037,2.631,0.529,1.414,2.118,0.428
92926,2.037,2.631,0.529,1.414,2.118,0.428
92936,2.037,2.631,0.529,1.414,2.118,0.447
92946,2.037,2.631,0.529,1.414,2.118,0.447
92956,2.049,32.766,0.529,1.414,2.118,0.447
92966,2.049,32.766,0.529,1.414,2.076,0.447
92976,2.049,32.766,32.766,1.414,2.076,0.447
92986,2.049,32.766,32.766,32.766,2.076,0.459
92996,2.049,32.766,32.766,32.766,2.076,0.459
93006,2.049,32.766,32.766,32.766,2.076,0.459
93016,2.049,32.766,32.766,32.766,2.076,0.459
93026,2.049,32.766,32.766,32.766,2.076,0.459
93036,2.049,32.766,32.766,32.766,2.076,0.473
93046,2.049,32.766,32.766,32.766,2.076,0.473
93056,32.766,2.603,32.766,32.766,2.076,0.473
93066,32.766,2.603,32.766,32.766,2.062,0.473
93076,32.766,2.603,32.766,32.766,2.062,0.473
93086,32.766,2.603,32.766,1.411,2.062,0.48
93096,32.766,2.603,32.766,1.411,2.062,0.48
93106,32.766,2.603,32.766,1.411,2.062,0.48
93116,32.766,2.603,32.766,1.411,2.062,0.48
93126,32.766,2.603,32.766,1.411,2.062,0.48
93136,32.766,2.603,32.766,1.411,2.062,0.487
93146,32.766,2.603,32.766,1.411,2.062,0.487
93156,2.061,2.58,32.766,1.411,2.062,0.487
93166,2.061,2.58,32.766,1.411,2.05,0.487
93176,2.061,2.58,32.766,1.411,2.05,0.487
93186,2.061,2.58,32.766,1.411,2.05,0.491
93196,2.061,2.58,32.766,1.411,2.05,0.491
93206,2.061,2.58,32.766,1.411,2.05,0.491
93216,2.061,2.58,32.766,1.411,2.05,0.491
93226,2.061,2.58,32.766,1.411,2.05,0.492
93236,2.061,2.58,32.766,1.411,2.05,0.492
93246,2.061,2.58,32.766,1.411,2.05,0.492
93256,32.766,2.618,32.766,1.411,2.05,0.492
93266,32.766,2.618,32.766,1.411,2.045,0.492
93276,32.766,2.618,32.766,1.411,2.045,0.492
93286,32.766,2.618,32.766,1.427,2.045,0.491
93296,32.766,2.618,32.766,1.427,2.045,0.491
93306,32.766,2.618,32.766,1.427,2.045,0.491
93316,32.766,2.618,32.766,1.427,2.045,0.491
93326,32.766,2.618,32.766,1.427,2.045,0.485
93336,32.766,2.618,32.766,1.427,2.045,0.485
93346,32.766,2.618,32.766,1.427,2.045,0.485
93356,32.766,2.644,32.766,1.427,2.045,0.485
93367,32.766,2.644,32.766,1.427,2.033,0.485
93376,32.766,2.644,32.766,1.427,2.033,0.485
93386,32.766,2.644,32.766,1.431,2.033,0.486
93396,32.766,2.644,32.766,1.431,2.033,0.486
93406,32.766,2.644,32.766,1.431,2.033,0.486
93417,32.766,2.644,32.766,1.431,2.033,0.486
93427,32.766,2.644,32.766,1.431,2.033,0.483
93436,32.766,2.644,32.766,1.431,2.033,0.483
93446,32.766,2.644,32.766,1.431,2.033,0.483
93457,0.269,2.636,32.766,1.431,2.033,0.483
93466,0.269,2.636,32.766,1.431,2.046,0.483
93476,0.269,2.636,32.766,1.431,2.046,0.483
93486,0.269,2.636,32.766,32.766,2.046,0.484
93496,0.269,2.636,32.766,32.766,2.046,0.484
93506,0.269,2.636,32.766,32.766,2.046,0.484
93516,0.269,2.636,32.766,32.766,2.046,0.484
93526,0.269,2.636,32.766,32.766,2.046,0.484
93536,0.269,2.636,32.766,32.766,2.046,0.482
93546,0.269,2.636,32.766,32.766,2.046,0.482
93556,0.229,2.646,32.766,32.766,2.046,0.482
93566,0.229,2.646,32.766,32.766,32.766,0.482
93576,0.229,2.646,32.766,32.766,32.766,0.482
93586,0.229,2.646,32.766,1.423,32.766,0.483
93596,0.229,2.646,32.766,1.423,32.766,0.483
93606,0.229,2.646,32.766,1.423,32.766,0.483
93616,0.229,2.646,32.766,1.423,32.766,0.483
93626,0.229,2.646,32.766,1.423,32.766,0.483
93636,0.229,2.646,32.766,1.423,32.766,0.483
93646,0.229,2.646,32.766,1.423,32.766,0.483
93656,0.202,2.657,32.766,1.423,32.766,0.483
93666,0.202,2.657,32.766,1.423,32.766,0.483
93676,0.202,2.657,32.766,1.423,32.766,0.483
93686,0.202,2.657,32.766,1.414,32.766,0.487
93696,0.202,2.657,32.766,1.414,32.766,0.487
93706,0.202,2.657,32.766,1.414,32.766,0.487
93716,0.202,2.657,32.766,1.414,32.766,0.487
93726,0.202,2.657,32.766,1.414,32.766,0.487
93736,0.202,2.657,32.766,1.414,32.766,0.485
93746,0.202,2.657,32.766,1.414,32.766,0.485
93756,0.176,2.682,32.766,1.414,32.766,0.485
93766,0.176,2.682,32.766,1.414,1.882,0.485
93776,0.176,2.682,32.766,1.414,1.882,0.485
93786,0.176,2.682,32.766,1.409,1.882,0.484
93796,0.176,2.682,32.766,1.409,1.882,0.484
93806,0.176,2.682,32.766,1.409,1.882,0.484
93816,0.176,2.682,32.766,1.409,1.882,0.484
93826,0.176,2.682,32.766,1.409,1.882,0.484
93836,0.176,2.682,32.766,1.409,1.882,0.49
93846,0.176,2.682,32.766,1.409,1.882,0.49
93856,0.15,2.689,32.766,1.409,1.882,0.49
93866,0.15,2.689,32.766,1.409,32.766,0.49
93876,0.15,2.689,32.766,1.409,32.766,0.49
93886,0.15,2.689,32.766,1.419,32.766,0.492
93896,0.15,2.689,32.766,1.419,32.766,0.492
93906,0.15,2.689,32.766,1.419,32.766,0.492
93916,0.15,2.689,32.766,1.419,32.766,0.492
93926,0.15,2.689,32.766,1.419,32.766,0.492
93936,0.15,2.689,32.766,1.419,32.766,0.497
93946,0.15,2.689,32.766,1.419,32.766,0.497
93956,0.144,32.766,32.766,1.419,32.766,0.497
93966,0.144,32.766,32.766,1.419,2.0,0.497
93976,0.144,32.766,32.766,1.419,2.0,0.497
93986,0.144,32.766,32.766,1.385,2.0,0.499
93996,0.144,32.766,32.766,1.385,2.0,0.499
94006,0.144,32.766,32.766,1.385,2.0,0.499
94016,0.144,32.766,32.766,1.385,2.0,0.499
94026,0.144,32.766,32.766,1.385,2.0,0.499
94036,0.144,32.766,32.766,1.385,2.0,0.505
94046,0.144,32.766,32.766,1.385,2.0,0.505
94056,0.155,32.766,32.766,1.385,2.0,0.505
94066,0.155,32.766,32.766,1.385,2.078,0.505
94076,0.155,32.766,32.766,1.385,2.078,0.505
94086,0.155,32.766,32.766,1.387,2.078,0.503
94096,0.155,32.766,32.766,1.387,2.078,0.503
94106,0.155,32.766,32.766,1.387,2.078,0.503
94116,0.155,32.766,32.766,1.387,2.078,0.503
94126,0.155,32.766,32.766,1.387,2.078,0.501
94136,0.155,32.766,32.766,1.387,2.078,0.501
94146,0.155,32.766,32.766,1.387,2.078,0.501
94156,0.174,2.341,32.766,1.387,2.078,0.501
94166,0.174,2.341,32.766,1.387,2.092,0.501
94176,0.174,2.341,32.766,1.387,2.092,0.501
94186,0.174,2.341,32.766,1.419,2.092,0.501
94196,0.174,2.341,32.766,1.419,2.092,0.501
94206,0.174,2.341,32.766,1.419,2.092,0.501
94216,0.174,2.341,32.766,1.419,2.092,0.501
94226,0.174,2.341,32.766,1.419,2.092,0.501
94236,0.174,2.341,32.766,1.419,2.092,0.491
94246,0.174,2.341,32.766,1.419,2.092,0.491
94256,0.183,2.541,32.766,1.419,2.092,0.491
94266,0.183,2.541,32.766,1.419,2.063,0.491
94276,0.183,2.541,32.766,1.419,2.063,0.491
94286,0.183,2.541,32.766,1.456,2.063,0.487
94296,0.183,2.541,32.766,1.456,2.063,0.487
94306,0.183,2.541,32.766,1.456,2.063,0.487
94316,0.183,2.541,32.766,1.456,2.063,0.487
94326,0.183,2.541,32.766,1.456,2.063,0.487
94336,0.183,2.541,32.766,1.456,2.063,0.487
94346,0.183,2.541,32.766,1.456,2.063,0.487
94356,0.201,2.563,32.766,1.456,2.063,0.487
94366,0.201,2.563,32.766,1.456,2.051,0.487
94376,0.201,2.563,32.766,1.456,2.051,0.487
94386,0.201,2.563,32.766,1.466,2.051,0.481
94396,0.201,2.563,32.766,1.466,2.051,0.481
94406,0.201,2.563,32.766,1.466,2.051,0.481
94416,0.201,2.563,32.766,1.466,2.051,0.481
94426,0.201,2.563,32.766,1.466,2.051,0.481
94436,0.201,2.563,32.766,1.466,2.051,0.479
94446,0.201,2.563,32.766,1.466,2.051,0.479
94456,0.244,2.54,32.766,1.466,2.051,0.479
94466,0.244,2.54,32.766,1.466,2.046,0.479
94476,0.244,2.54,32.766,1.466,2.046,0.479
94486,0.244,2.54,32.766,1.456,2.046,0.479
94496,0.244,2.54,32.766,1.456,2.046,0.479
94506,0.244,2.54,32.766,1.456,2.046,0.479
94516,0.244,2.54,32.766,1.456,2.046,0.479
94526,0.244,2.54,32.766,1.456,2.046,0.384
94536,0.244,2.54,32.766,1.456,2.046,0.384
94546,0.244,2.54,32.766,1.456,2.046,0.384
94556,0.303,32.766,32.766,1.456,2.046,0.384
94566,0.303,32.766,32.766,1.456,2.052,0.384
94576,0.303,32.766,32.766,1.456,2.052,0.384
94586,0.303,32.766,32.766,32.766,2.052,0.34
94596,0.303,32.766,32.766,32.766,2.052,0.34
94606,0.303,32.766,32.766,32.766,2.052,0.34
94616,0.303,32.766,32.766,32.766,2.052,0.34
94626,0.303,32.766,32.766,32.766,2.052,0.34
94636,0.303,32.766,32.766,32.766,2.052,0.323
94646,0.303,32.766,32.766,32.766,2.052,0.323
94656,32.766,2.412,32.766,32.766,2.052,0.323
94666,32.766,2.412,32.766,32.766,2.049,0.323
94676,32.766,2.412,32.766,32.766,2.049,0.323
94686,32.766,2.412,32.766,1.441,2.049,0.335
94696,32.766,2.412,32.766,1.441,2.049,0.335
94706,32.766,2.412,32.766,1.441,2.049,0.335
94716,32.766,2.412,32.766,1.441,2.049,0.335
94726,32.766,2.412,32.766,1.441,2.049,0.335
94736,32.766,2.412,32.766,1.441,2.049,0.357
94746,32.766,2.412,32.766,1.441,2.049,0.357
94756,2.291,2.396,32.766,1.441,2.049,0.357
94766,2.291,2.396,32.766,1.441,2.017,0.357
94776,2.291,2.396,32.766,1.441,2.017,0.357
94786,2.291,2.396,32.766,32.766,2.017,0.393
94796,2.291,2.396,32.766,32.766,2.017,0.393
94806,2.291,2.396,32.766,32.766,2.017,0.393
94816,2.291,2.396,32.766,32.766,2.017,0.393
94826,2.291,2.396,32.766,32.766,2.017,0.393
94836,2.291,2.396,32.766,32.766,2.017,0.458
94846,2.291,2.396,32.766,32.766,2.017,0.458
94856,32.766,2.409,32.766,32.766,2.017,0.458
94866,32.766,2.409,32.766,32.766,1.927,0.458
94876,32.766,2.409,32.766,32.766,1.927,0.458
94886,32.766,2.409,32.766,32.766,1.927,0.525
94896,32.766,2.409,32.766,32.766,1.927,0.525
94906,32.766,2.409,32.766,32.766,1.927,0.525
94916,32.766,2.409,32.766,32.766,1.927,0.525
94926,32.766,2.409,32.766,32.766,1.927,0.525
94936,32.766,2.409,32.766,32.766,1.927,0.605
94946,32.766,2.409,32.766,32.766,1.927,0.605
94956,32.766,2.466,32.766,32.766,1.927,0.605
94966,32.766,2.466,32.766,32.766,1.829,0.605
94976,32.766,2.466,32.766,32.766,1.829,0.605
94986,32.766,2.466,32.766,1.431,1.829,0.667
94996,32.766,2.466,32.766,1.431,1.829,0.667
95006,32.766,2.466,32.766,1.431,1.829,0.667
95016,32.766,2.466,32.766,1.431,1.829,0.667
95026,32.766,2.466,32.766,1.431,1.829,0.733
95036,32.766,2.466,32.766,1.431,1.829,0.733
95046,32.766,2.466,32.766,1.431,1.829,0.733
95056,32.766,32.766,32.766,1.431,1.829,0.733
95066,32.766,32.766,32.766,1.431,1.76,0.733
95076,32.766,32.766,32.766,1.431,1.76,0.733
95086,32.766,32.766,32.766,1.432,1.76,0.771
95096,32.766,32.766,32.766,1.432,1.76,0.771
95106,32.766,32.766,32.766,1.432,1.76,0.771
95116,32.766,32.766,32.766,1.432,1.76,0.771
95126,32.766,32.766,32.766,1.432,1.76,0.802
95136,32.766,32.766,32.766,1.432,1.76,0.802
95146,32.766,32.766,32.766,1.432,1.76,0.802
95156,32.766,32.766,32.766,1.432,1.76,0.802
95166,32.766,32.766,32.766,1.432,1.724,0.802
95176,32.766,32.766,0.63,1.432,1.724,0.802
95186,32.766,32.766,0.63,32.766,1.724,0.813
95196,32.766,32.766,0.63,32.766,1.724,0.813
95206,32.766,32.766,0.63,32.766,1.724,0.813
95216,32.766,32.766,0.63,32.766,1.724,0.813
95226,32.766,32.766,0.63,32.766,1.724,0.805
95236,32.766,32.766,0.63,32.766,1.724,0.805
95246,32.766,32.766,0.63,32.766,1.724,0.805
95256,32.766,32.766,0.63,32.766,1.724,0.805
95266,32.766,32.766,0.63,32.766,1.721,0.805
95276,32.766,32.766,0.613,32.766,1.721,0.805
95286,32.766,32.766,0.613,1.431,1.721,0.792
95296,32.766,32.766,0.613,1.431,1.721,0.792
95306,32.766,32.766,0.613,1.431,1.721,0.792
95316,32.766,32.766,0.613,1.431,1.721,0.792
95326,32.766,32.766,0.613,1.431,1.721,0.754
95336,32.766,32.766,0.613,1.431,1.721,0.754
95346,32.766,32.766,0.613,1.431,1.721,0.754
95356,32.766,32.766,0.613,1.431,1.721,0.754
95366,32.766,32.766,0.613,1.431,1.784,0.754
95376,32.766,32.766,0.604,1.431,1.784,0.754
95386,32.766,32.766,0.604,32.766,1.784,0.725
95396,32.766,32.766,0.604,32.766,1.784,0.725
95406,32.766,32.766,0.604,32.766,1.784,0.725
95416,32.766,32.766,0.604,32.766,1.784,0.725
95426,32.766,32.766,0.604,32.766,1.784,0.667
95436,32.766,32.766,0.604,32.766,1.784,0.667
95446,32.766,32.766,0.604,32.766,1.784,0.667
95456,32.766,2.582,0.604,32.766,1.784,0.667
95466,32.766,2.582,0.604,32.766,1.88,0.667
95476,32.766,2.582,0.606,32.766,1.88,0.667
95486,32.766,2.582,0.606,32.766,1.88,0.611
95496,32.766,2.582,0.606,32.766,1.88,0.611
95506,32.766,2.582,0.606,32.766,1.88,0.611
95516,32.766,2.582,0.606,32.766,1.88,0.611
95526,32.766,2.582,0.606,32.766,1.88,0.544
95536,32.766,2.582,0.606,32.766,1.88,0.544
95546,32.766,2.582,0.606,32.766,1.88,0.544
95556,32.766,2.57,0.606,32.766,1.88,0.544
95566,32.766,2.57,0.606,32.766,1.969,0.544
95576,32.766,2.57,32.766,32.766,1.969,0.544
95586,32.766,2.57,32.766,1.4,1.969,0.508
95596,32.766,2.57,32.766,1.4,1.969,0.508
95606,32.766,2.57,32.766,1.4,1.969,0.508
95616,32.766,2.57,32.766,1.4,1.969,0.508
95626,32.766,2.57,32.766,1.4,1.969,0.508
95636,32.766,2.57,32.766,1.4,1.969,0.47
95646,32.766,2.57,32.766,1.4,1.969,0.47
95656,32.766,2.555,32.766,1.4,1.969,0.47
95666,32.766,2.555,32.766,1.4,2.055,0.47
95676,32.766,2.555,32.766,1.4,2.055,0.47
95686,32.766,2.555,32.766,1.396,2.055,0.457
95696,32.766,2.555,32.766,1.396,2.055,0.457
95706,32.766,2.555,32.766,1.396,2.055,0.457
95716,32.766,2.555,32.766,1.396,2.055,0.457
95726,32.766,2.555,32.766,1.396,2.055,0.45
95736,32.766,2.555,32.766,1.396,2.055,0.45
95746,32.766,2.555,32.766,1.396,2.055,0.45
95756,32.766,2.582,32.766,1.396,2.055,0.45
95766,32.766,2.582,32.766,1.396,2.072,0.45
95776,32.766,2.582,32.766,1.396,2.072,0.45
95786,32.766,2.582,32.766,1.399,2.072,0.451
95796,32.766,2.582,32.766,1.399,2.072,0.451
95806,32.766,2.582,32.766,1.399,2.072,0.451
95816,32.766,2.582,32.766,1.399,2.072,0.451
95826,32.766,2.582,32.766,1.399,2.072,0.451
95836,32.766,2.582,32.766,1.399,2.072,0.458
95846,32.766,2.582,32.766,1.399,2.072,0.458
95856,2.252,2.556,32.766,1.399,2.072,0.458
95866,2.252,2.556,32.766,1.399,2.084,0.458
95876,2.252,2.556,32.766,1.399,2.084,0.458
95886,2.252,2.556,32.766,1.406,2.084,0.461
95896,2.252,2.556,32.766,1.406,2.084,0.461
95906,2.252,2.556,32.766,1.406,2.084,0.461
95916,2.252,2.556,32.766,1.406,2.084,0.461
95926,2.252,2.556,32.766,1.406,2.084,0.461
95936,2.252,2.556,32.766,1.406,2.084,0.463
95946,2.252,2.556,32.766,1.406,2.084,0.463
95956,32.766,2.551,32.766,1.406,2.084,0.463
95966,32.766,2.551,32.766,1.406,32.766,0.463
95976,32.766,2.551,32.766,1.406,32.766,0.463
95986,32.766,2.551,32.766,1.408,32.766,0.465
95996,32.766,2.551,32.766,1.408,32.766,0.465
96006,32.766,2.551,32.766,1.408,32.766,0.465
96016,32.766,2.551,32.766,1.408,32.766,0.465
96026,32.766,2.551,32.766,1.408,32.766,0.465
96036,32.766,2.551,32.766,1.408,32.766,0.465
96046,32.766,2.551,32.766,1.408,32.766,0.465
96056,2.195,2.575,32.766,1.408,32.766,0.465
96066,2.195,2.575,32.766,1.408,32.766,0.465
96076,2.195,2.575,32.766,1.408,32.766,0.465
96086,2.195,2.575,32.766,1.41,32.766,0.465
96096,2.195,2.575,32.766,1.41,32.766,0.465
96106,2.195,2.575,32.766,1.41,32.766,0.465
96116,2.195,2.575,32.766,1.41,32.766,0.465
96126,2.195,2.575,32.766,1.41,32.766,0.465
96136,2.195,2.575,32.766,1.41,32.766,0.462
96146,2.195,2.575,32.766,1.41,32.766,0.462
96156,2.462,2.569,32.766,1.41,32.766,0.462
96166,2.462,2.569,32.766,1.41,32.766,0.462
96176,2.462,2.569,32.766,1.41,32.766,0.462
96186,2.462,2.569,32.766,32.766,32.766,0.457
96196,2.462,2.569,32.766,32.766,32.766,0.457
96206,2.462,2.569,32.766,32.766,32.766,0.457
96216,2.462,2.569,32.766,32.766,32.766,0.457
96226,2.462,2.569,32.766,32.766,32.766,0.457
96236,2.462,2.569,32.766,32.766,32.766,0.461
96246,2.462,2.569,32.766,32.766,32.766,0.461
96256,32.766,2.599,32.766,32.766,32.766,0.461
96266,32.766,2.599,32.766,32.766,2.088,0.461
96276,32.766,2.599,32.766,32.766,2.088,0.461
96286,32.766,2.599,32.766,32.766,2.088,0.46
96296,32.766,2.599,32.766,32.766,2.088,0.46
96306,32.766,2.599,32.766,32.766,2.088,0.46
96316,32.766,2.599,32.766,32.766,2.088,0.46
96326,32.766,2.599,32.766,32.766,2.088,0.46
96336,32.766,2.599,32.766,32.766,2.088,0.457
96346,32.766,2.599,32.766,32.766,2.088,0.457
96356,0.158,32.766,32.766,32.766,2.088,0.457
96366,0.158,32.766,32.766,32.766,32.766,0.457
96376,0.158,32.766,32.766,32.766,32.766,0.457
96386,0.158,32.766,32.766,1.436,32.766,0.456
96396,0.158,32.766,32.766,1.436,32.766,0.456
96406,0.158,32.766,32.766,1.436,32.766,0.456
96416,0.158,32.766,32.766,1.436,32.766,0.456
96426,0.158,32.766,32.766,1.436,32.766,0.456
96436,0.158,32.766,32.766,1.436,32.766,0.454
96446,0.158,32.766,32.766,1.436,32.766,0.454
96456,0.168,2.616,32.766,1.436,32.766,0.454
96466,0.168,2.616,32.766,1.436,2.088,0.454
96476,0.168,2.616,32.766,1.436,2.088,0.454
96486,0.168,2.616,32.766,1.443,2.088,0.454
96496,0.168,2.616,32.766,1.443,2.088,0.454
96506,0.168,2.616,32.766,1.443,2.088,0.454
96516,0.168,2.616,32.766,1.443,2.088,0.454
96526,0.168,2.616,32.766,1.443,2.088,0.454
96536,0.168,2.616,32.766,1.443,2.088,0.457
96546,0.168,2.616,32.766,1.443,2.088,0.457
96556,0.164,32.766,32.766,1.443,2.088,0.457
96566,0.164,32.766,32.766,1.443,32.766,0.457
96576,0.164,32.766,32.766,1.443,32.766,0.457
96586,0.164,32.766,32.766,1.45,32.766,0.454
96596,0.164,32.766,32.766,1.45,32.766,0.454
96606,0.164,32.766,32.766,1.45,32.766,0.454
96616,0.164,32.766,32.766,1.45,32.766,0.454
96626,0.164,32.766,32.766,1.45,32.766,0.454
96636,0.164,32.766,32.766,1.45,32.766,0.462
96646,0.164,32.766,32.766,1.45,32.766,0.462
96656,0.166,32.766,32.766,1.45,32.766,0.462
96666,0.166,32.766,32.766,1.45,2.128,0.462
96676,0.166,32.766,32.766,1.45,2.128,0.462
96686,0.166,32.766,32.766,32.766,2.128,0.459
96696,0.166,32.766,32.766,32.766,2.128,0.459
96706,0.166,32.766,32.766,32.766,2.128,0.459
96716,0.166,32.766,32.766,32.766,2.128,0.459
96726,0.166,32.766,32.766,32.766,2.128,0.459
96736,0.166,32.766,32.766,32.766,2.128,0.456
96746,0.166,32.766,32.766,32.766,2.128,0.456
96756,0.182,32.766,32.766,32.766,2.128,0.456
96766,0.182,32.766,32.766,32.766,2.127,0.456
96776,0.182,32.766,32.766,32.766,2.127,0.456
96786,0.182,32.766,32.766,1.433,2.127,0.455
96796,0.182,32.766,32.766,1.433,2.127,0.455
96806,0.182,32.766,32.766,1.433,2.127,0.455
96816,0.182,32.766,32.766,1.433,2.127,0.455
96826,0.182,32.766,32.766,1.433,2.127,0.455
96836,0.182,32.766,32.766,1.433,2.127,0.452
96846,0.182,32.766,32.766,1.433,2.127,0.452
96856,0.208,2.333,32.766,1.433,2.127,0.452
96866,0.208,2.333,32.766,1.433,2.116,0.452
96876,0.208,2.333,32.766,1.433,2.116,0.452
96886,0.208,2.333,32.766,1.422,2.116,0.45
96896,0.208,2.333,32.766,1.422,2.116,0.45
96906,0.208,2.333,32.766,1.422,2.116,0.45
96916,0.208,2.333,32.766,1.422,2.116,0.45
96926,0.208,2.333,32.766,1.422,2.116,0.45
96936,0.208,2.333,32.766,1.422,2.116,0.45
96946,0.208,2.333,32.766,1.422,2.116,0.45
96956,0.23,2.474,32.766,1.422,2.116,0.45
96966,0.23,2.474,32.766,1.422,2.102,0.45
96976,0.23,2.474,32.766,1.422,2.102,0.45
96986,0.23,2.474,32.766,1.424,2.102,0.448
96996,0.23,2.474,32.766,1.424,2.102,0.448
97006,0.23,2.474,32.766,1.424,2.102,0.448
97016,0.23,2.474,32.766,1.424,2.102,0.448
97026,0.23,2.474,32.766,1.424,2.102,0.32
97036,0.23,2.474,32.766,1.424,2.102,0.32
97046,0.23,2.474,32.766,1.424,2.102,0.32
97056,0.259,32.766,32.766,1.424,2.102,0.32
97066,0.259,32.766,32.766,1.424,2.081,0.32
97076,0.259,32.766,32.766,1.424,2.081,0.32
97086,0.259,32.766,32.766,1.425,2.081,0.288
97096,0.259,32.766,32.766,1.425,2.081,0.288
97106,0.259,32.766,32.766,1.425,2.081,0.288
97116,0.259,32.766,32.766,1.425,2.081,0.288
97126,0.259,32.766,32.766,1.425,2.081,0.286
97136,0.259,32.766,32.766,1.425,2.081,0.286
97146,0.259,32.766,32.766,1.425,2.081,0.286
97156,0.278,2.425,32.766,1.425,2.081,0.286
97166,0.278,2.425,32.766,1.425,2.057,0.286
97176,0.278,2.425,32.766,1.425,2.057,0.286
97186,0.278,2.425,32.766,1.405,2.057,0.303
97196,0.278,2.425,32.766,1.405,2.057,0.303
97206,0.278,2.425,32.766,1.405,2.057,0.303
97216,0.278,2.425,32.766,1.405,2.057,0.303
97227,0.278,2.425,32.766,1.405,2.057,0.337
97236,0.278,2.425,32.766,1.405,2.057,0.337
97246,0.278,2.425,32.766,1.405,2.057,0.337
97256,0.289,2.376,32.766,1.405,2.057,0.337
97266,0.289,2.376,32.766,1.405,2.046,0.337
97276,0.289,2.376,32.766,1.405,2.046,0.337
97286,0.289,2.376,32.766,1.397,2.046,0.375
97296,0.289,2.376,32.766,1.397,2.046,0.375
97306,0.289,2.376,32.766,1.397,2.046,0.375
97316,0.289,2.376,32.766,1.397,2.046,0.375
97326,0.289,2.376,32.766,1.397,2.046,0.375
97336,0.289,2.376,32.766,1.397,2.046,0.423
97346,0.289,2.376,32.766,1.397,2.046,0.423
97356,0.287,2.391,32.766,1.397,2.046,0.423
97366,0.287,2.391,32.766,1.397,32.766,0.423
97376,0.287,2.391,32.766,1.397,32.766,0.423
97386,0.287,2.391,32.766,32.766,32.766,0.467
97396,0.287,2.391,32.766,32.766,32.766,0.467
97406,0.287,2.391,32.766,32.766,32.766,0.467
97416,0.287,2.391,32.766,32.766,32.766,0.467
97426,0.287,2.391,32.766,32.766,32.766,0.467
97436,0.287,2.391,32.766,32.766,32.766,0.54
97446,0.287,2.391,32.766,32.766,32.766,0.54
97456,32.766,2.423,32.766,32.766,32.766,0.54
97466,32.766,2.423,32.766,32.766,1.861,0.54
97476,32.766,2.423,32.766,32.766,1.861,0.54
97486,32.766,2.423,32.766,1.394,1.861,0.587
97496,32.766,2.423,32.766,1.394,1.861,0.587
97506,32.766,2.423,32.766,1.394,1.861,0.587
97516,32.766,2.423,32.766,1.394,1.861,0.587
97526,32.766,2.423,32.766,1.394,1.861,0.587
97536,32.766,2.423,32.766,1.394,1.861,0.638
97546,32.766,2.423,32.766,1.394,1.861,0.638
97556,32.766,32.766,32.766,1.394,1.861,0.638
97566,32.766,32.766,32.766,1.394,1.794,0.638
97576,32.766,32.766,32.766,1.394,1.794,0.638
97586,32.766,32.766,32.766,32.766,1.794,0.671
97596,32.766,32.766,32.766,32.766,1.794,0.671
97606,32.766,32.766,32.766,32.766,1.794,0.671
97616,32.766,32.766,32.766,32.766,1.794,0.671
97626,32.766,32.766,32.766,32.766,1.794,0.699
97636,32.766,32.766,32.766,32.766,1.794,0.699
97646,32.766,32.766,32.766,32.766,1.794,0.699
97656,32.766,32.766,32.766,32.766,1.794,0.699
97666,32.766,32.766,32.766,32.766,1.755,0.699
97676,32.766,32.766,32.766,32.766,1.755,0.699
97686,32.766,32.766,32.766,1.392,1.755,0.706
97696,32.766,32.766,32.766,1.392,1.755,0.706
97706,32.766,32.766,32.766,1.392,1.755,0.706
97716,32.766,32.766,32.766,1.392,1.755,0.706
97726,32.766,32.766,32.766,1.392,1.755,0.703
97736,32.766,32.766,32.766,1.392,1.755,0.703
97746,32.766,32.766,32.766,1.392,1.755,0.703
97756,32.766,32.766,32.766,1.392,1.755,0.703
97766,32.766,32.766,32.766,1.392,1.777,0.703
97776,32.766,32.766,32.766,1.392,1.777,0.703
97786,32.766,32.766,32.766,1.387,1.777,0.688
97796,32.766,32.766,32.766,1.387,1.777,0.688
97806,32.766,32.766,32.766,1.387,1.777,0.688
97816,32.766,32.766,32.766,1.387,1.777,0.688
97826,32.766,32.766,32.766,1.387,1.777,0.657
97836,32.766,32.766,32.766,1.387,1.777,0.657
97846,32.766,32.766,32.766,1.387,1.777,0.657
97856,0.222,32.766,32.766,1.387,1.777,0.657
97866,0.222,32.766,32.766,1.387,1.821,0.657
97876,0.222,32.766,32.766,1.387,1.821,0.657
97886,0.222,32.766,32.766,1.401,1.821,0.625
97896,0.222,32.766,32.766,1.401,1.821,0.625
97906,0.222,32.766,32.766,1.401,1.821,0.625
97916,0.222,32.766,32.766,1.401,1.821,0.625
97926,0.222,32.766,32.766,1.401,1.821,0.578
97936,0.222,32.766,32.766,1.401,1.821,0.578
97946,0.222,32.766,32.766,1.401,1.821,0.578
97956,0.142,2.58,32.766,1.401,1.821,0.578
97966,0.142,2.58,32.766,1.401,1.89,0.578
97976,0.142,2.58,32.766,1.401,1.89,0.578
97986,0.142,2.58,32.766,32.766,1.89,0.542
97996,0.142,2.58,32.766,32.766,1.89,0.542
98006,0.142,2.58,32.766,32.766,1.89,0.542
98016,0.142,2.58,32.766,32.766,1.89,0.542
98026,0.142,2.58,32.766,32.766,1.89,0.542
98036,0.142,2.58,32.766,32.766,1.89,0.509
98046,0.142,2.58,32.766,32.766,1.89,0.509
98056,0.13,2.489,32.766,32.766,1.89,0.509
98066,0.13,2.489,32.766,32.766,32.766,0.509
98076,0.13,2.489,32.766,32.766,32.766,0.509
98086,0.13,2.489,32.766,32.766,32.766,0.501
98096,0.13,2.489,32.766,32.766,32.766,0.501
98106,0.13,2.489,32.766,32.766,32.766,0.501
98116,0.13,2.489,32.766,32.766,32.766,0.501
98126,0.13,2.489,32.766,32.766,32.766,0.501
98136,0.13,2.489,32.766,32.766,32.766,0.507
98146,0.13,2.489,32.766,32.766,32.766,0.507
98156,0.155,2.474,32.766,32.766,32.766,0.507
98166,0.155,2.474,32.766,32.766,2.04,0.507
98176,0.155,2.474,32.766,32.766,2.04,0.507
98186,0.155,2.474,32.766,1.408,2.04,0.495
98196,0.155,2.474,32.766,1.408,2.04,0.495
98206,0.155,2.474,32.766,1.408,2.04,0.495
98216,0.155,2.474,32.766,1.408,2.04,0.495
98226,0.155,2.474,32.766,1.408,2.04,0.495
98236,0.155,2.474,32.766,1.408,2.04,0.488
98246,0.155,2.474,32.766,1.408,2.04,0.488
98256,0.165,32.766,32.766,1.408,2.04,0.488
98266,0.165,32.766,32.766,1.408,2.075,0.488
98276,0.165,32.766,32.766,1.408,2.075,0.488
98286,0.165,32.766,32.766,32.766,2.075,0.484
98296,0.165,32.766,32.766,32.766,2.075,0.484
98306,0.165,32.766,32.766,32.766,2.075,0.484
98316,0.165,32.766,32.766,32.766,2.075,0.484
98326,0.165,32.766,32.766,32.766,2.075,0.47
98336,0.165,32.766,32.766,32.766,2.075,0.47
98346,0.165,32.766,32.766,32.766,2.075,0.47
98356,0.173,2.308,32.766,32.766,2.075,0.47
98366,0.173,2.308,32.766,32.766,2.099,0.47
98376,0.173,2.308,32.766,32.766,2.099,0.47
98386,0.173,2.308,32.766,1.403,2.099,0.457
98396,0.173,2.308,32.766,1.403,2.099,0.457
98406,0.173,2.308,32.766,1.403,2.099,0.457
98416,0.173,2.308,32.766,1.403,2.099,0.457
98426,0.173,2.308,32.766,1.403,2.099,0.457
98436,0.173,2.308,32.766,1.403,2.099,0.449
98446,0.173,2.308,32.766,1.403,2.099,0.449
98456,0.194,32.766,32.766,1.403,2.099,0.449
98466,0.194,32.766,32.766,1.403,2.09,0.449
98476,0.194,32.766,32.766,1.403,2.09,0.449
98486,0.194,32.766,32.766,1.386,2.09,0.398
98496,0.194,32.766,32.766,1.386,2.09,0.398
98506,0.194,32.766,32.766,1.386,2.09,0.398
98516,0.194,32.766,32.766,1.386,2.09,0.398
98526,0.194,32.766,32.766,1.386,2.09,0.398
98536,0.194,32.766,32.766,1.386,2.09,0.308
98546,0.194,32.766,32.766,1.386,2.09,0.308
98556,0.218,2.4,32.766,1.386,2.09,0.308
98566,0.218,2.4,32.766,1.386,2.107,0.308
98576,0.218,2.4,32.766,1.386,2.107,0.308
98586,0.218,2.4,32.766,1.37,2.107,0.274
98596,0.218,2.4,32.766,1.37,2.107,0.274
98606,0.218,2.4,32.766,1.37,2.107,0.274
98616,0.218,2.4,32.766,1.37,2.107,0.274
98626,0.218,2.4,32.766,1.37,2.107,0.274
98636,0.218,2.4,32.766,1.37,2.107,0.27
98646,0.218,2.4,32.766,1.37,2.107,0.27
98656,0.235,32.766,32.766,1.37,2.107,0.27
98666,0.235,32.766,32.766,1.37,2.096,0.27
98676,0.235,32.766,32.766,1.37,2.096,0.27
98686,0.235,32.766,32.766,1.353,2.096,0.282
98696,0.235,32.766,32.766,1.353,2.096,0.282
98706,0.235,32.766,32.766,1.353,2.096,0.282
98716,0.235,32.766,32.766,1.353,2.096,0.282
98726,0.235,32.766,32.766,1.353,2.096,0.282
98736,0.235,32.766,32.766,1.353,2.096,0.313
98746,0.235,32.766,32.766,1.353,2.096,0.313
98756,0.243,2.359,32.766,1.353,2.096,0.313
98766,0.243,2.359,32.766,1.353,2.066,0.313
98776,0.243,2.359,32.766,1.353,2.066,0.313
98786,0.243,2.359,32.766,32.766,2.066,0.354
98796,0.243,2.359,32.766,32.766,2.066,0.354
98806,0.243,2.359,32.766,32.766,2.066,0.354
98816,0.243,2.359,32.766,32.766,2.066,0.354
98826,0.243,2.359,32.766,32.766,2.066,0.354
98836,0.243,2.359,32.766,32.766,2.066,0.409
98846,0.243,2.359,32.766,32.766,2.066,0.409
98856,0.276,2.312,32.766,32.766,2.066,0.409
98866,0.276,2.312,32.766,32.766,1.963,0.409
98876,0.276,2.312,32.766,32.766,1.963,0.409
98886,0.276,2.312,32.766,1.362,1.963,0.457
98896,0.276,2.312,32.766,1.362,1.963,0.457
98906,0.276,2.312,32.766,1.362,1.963,0.457
98916,0.276,2.312,32.766,1.362,1.963,0.457
98926,0.276,2.312,32.766,1.362,1.963,0.457
98936,0.276,2.312,32.766,1.362,1.963,0.507
98946,0.276,2.312,32.766,1.362,1.963,0.507
98956,0.319,2.312,32.766,1.362,1.963,0.507
98966,0.319,2.312,32.766,1.362,1.891,0.507
98976,0.319,2.312,32.766,1.362,1.891,0.507
98986,0.319,2.312,32.766,1.355,1.891,0.542
98996,0.319,2.312,32.766,1.355,1.891,0.542
99006,0.319,2.312,32.766,1.355,1.891,0.542
99016,0.319,2.312,32.766,1.355,1.891,0.542
99026,0.319,2.312,32.766,1.355,1.891,0.542
99036,0.319,2.312,32.766,1.355,1.891,0.571
99046,0.319,2.312,32.766,1.355,1.891,0.571
99056,0.365,2.246,32.766,1.355,1.891,0.571
99066,0.365,2.246,32.766,1.355,1.824,0.571
99076,0.365,2.246,32.766,1.355,1.824,0.571
99086,0.365,2.246,32.766,32.766,1.824,0.587
99096,0.365,2.246,32.766,32.766,1.824,0.587
99106,0.365,2.246,32.766,32.766,1.824,0.587
99116,0.365,2.246,32.766,32.766,1.824,0.587
99126,0.365,2.246,32.766,32.766,1.824,0.59
99136,0.365,2.246,32.766,32.766,1.824,0.59
99146,0.365,2.246,32.766,32.766,1.824,0.59
99156,0.385,32.766,32.766,32.766,1.824,0.59
99166,0.385,32.766,32.766,32.766,1.788,0.59
99176,0.385,32.766,32.766,32.766,1.788,0.59
99186,0.385,32.766,32.766,1.364,1.788,0.588
99196,0.385,32.766,32.766,1.364,1.788,0.588
99206,0.385,32.766,32.766,1.364,1.788,0.588
99216,0.385,32.766,32.766,1.364,1.788,0.588
99226,0.385,32.766,32.766,1.364,1.788,0.588
99236,0.385,32.766,32.766,1.364,1.788,0.571
99246,0.385,32.766,32.766,1.364,1.788,0.571
99256,0.378,32.766,32.766,1.364,1.788,0.571
99266,0.378,32.766,32.766,1.364,1.815,0.571
99276,0.378,32.766,32.766,1.364,1.815,0.571
99286,0.378,32.766,32.766,32.766,1.815,0.564
99296,0.378,32.766,32.766,32.766,1.815,0.564
99306,0.378,32.766,32.766,32.766,1.815,0.564
99316,0.378,32.766,32.766,32.766,1.815,0.564
99326,0.378,32.766,32.766,32.766,1.815,0.564
99336,0.378,32.766,32.766,32.766,1.815,0.542
99346,0.378,32.766,32.766,32.766,1.815,0.542
99356,0.353,2.26,32.766,32.766,1.815,0.542
99366,0.353,2.26,32.766,32.766,1.821,0.542
99376,0.353,2.26,32.766,32.766,1.821,0.542
99386,0.353,2.26,32.766,32.766,1.821,0.526
99396,0.353,2.26,32.766,32.766,1.821,0.526
99406,0.353,2.26,32.766,32.766,1.821,0.526
99416,0.353,2.26,32.766,32.766,1.821,0.526
99426,0.353,2.26,32.766,32.766,1.821,0.526
99436,0.353,2.26,32.766,32.766,1.821,0.514
99446,0.353,2.26,32.766,32.766,1.821,0.514
99456,0.315,2.285,32.766,32.766,1.821,0.514
99466,0.315,2.285,32.766,32.766,1.873,0.514
99476,0.315,2.285,32.766,32.766,1.873,0.514
99486,0.315,2.285,32.766,1.358,1.873,0.509
99496,0.315,2.285,32.766,1.358,1.873,0.509
99506,0.315,2.285,32.766,1.358,1.873,0.509
99516,0.315,2.285,32.766,1.358,1.873,0.509
99526,0.315,2.285,32.766,1.358,1.873,0.5
99536,0.315,2.285,32.766,1.358,1.873,0.5
99546,0.315,2.285,32.766,1.358,1.873,0.5
99556,0.277,2.33,32.766,1.358,1.873,0.5
99566,0.277,2.33,32.766,1.358,1.882,0.5
99576,0.277,2.33,32.766,1.358,1.882,0.5
99586,0.277,2.33,32.766,32.766,1.882,0.494
99596,0.277,2.33,32.766,32.766,1.882,0.494
99606,0.277,2.33,32.766,32.766,1.882,0.494
99616,0.277,2.33,32.766,32.766,1.882,0.494
99626,0.277,2.33,32.766,32.766,1.882,0.494
99636,0.277,2.33,32.766,32.766,1.882,0.492
99646,0.277,2.33,32.766,32.766,1.882,0.492
99656,0.241,32.766,32.766,32.766,1.882,0.492
99666,0.241,32.766,32.766,32.766,1.884,0.492
99676,0.241,32.766,32.766,32.766,1.884,0.492
99686,0.241,32.766,32.766,32.766,1.884,0.486
99696,0.241,32.766,32.766,32.766,1.884,0.486
99706,0.241,32.766,32.766,32.766,1.884,0.486
99716,0.241,32.766,32.766,32.766,1.884,0.486
99726,0.241,32.766,32.766,32.766,1.884,0.486
99736,0.241,32.766,32.766,32.766,1.884,0.482
99746,0.241,32.766,32.766,32.766,1.884,0.482
99756,0.196,2.292,32.766,32.766,1.884,0.482
99766,0.196,2.292,32.766,32.766,1.896,0.482
99776,0.196,2.292,32.766,32.766,1.896,0.482
99786,0.196,2.292,32.766,1.354,1.896,0.482
99796,0.196,2.292,32.766,1.354,1.896,0.482
99806,0.196,2.292,32.766,1.354,1.896,0.482
99816,0.196,2.292,32.766,1.354,1.896,0.482
99826,0.196,2.292,32.766,1.354,1.896,0.482
99836,0.196,2.292,32.766,1.354,1.896,0.48
99846,0.196,2.292,32.766,1.354,1.896,0.48
99856,0.173,2.273,32.766,1.354,1.896,0.48
99866,0.173,2.273,32.766,1.354,1.897,0.48
99876,0.173,2.273,32.766,1.354,1.897,0.48
99886,0.173,2.273,32.766,1.341,1.897,0.484
99896,0.173,2.273,32.766,1.341,1.897,0.484
99906,0.173,2.273,32.766,1.341,1.897,0.484
99916,0.173,2.273,32.766,1.341,1.897,0.484
99926,0.173,2.273,32.766,1.341,1.897,0.484
99936,0.173,2.273,32.766,1.341,1.897,0.484
99946,0.173,2.273,32.766,1.341,1.897,0.484
99956,0.159,2.287,32.766,1.341,1.897,0.484
99966,0.159,2.287,32.766,1.341,1.904,0.484
99976,0.159,2.287,32.766,1.341,1.904,0.484
99986,0.159,2.287,32.766,1.363,1.904,0.486
99996,0.159,2.287,32.766,1.363,1.904,0.486
100006,0.159,2.287,32.766,1.363,1.904,0.486
100016,0.159,2.287,32.766,1.363,1.904,0.486
100026,0.159,2.287,32.766,1.363,1.904,0.486
100036,0.159,2.287,32.766,1.363,1.904,0.487
100046,0.159,2.287,32.766,1.363,1.904,0.487
100056,0.161,2.296,32.766,1.363,1.904,0.487
100066,0.161,2.296,32.766,1.363,1.925,0.487
100076,0.161,2.296,32.766,1.363,1.925,0.487
100086,0.161,2.296,32.766,1.357,1.925,0.486
100096,0.161,2.296,32.766,1.357,1.925,0.486
100106,0.161,2.296,32.766,1.357,1.925,0.486
100116,0.161,2.296,32.766,1.357,1.925,0.486
100126,0.161,2.296,32.766,1.357,1.925,0.486
100136,0.161,2.296,32.766,1.357,1.925,0.486
100146,0.161,2.296,32.766,1.357,1.925,0.486
100156,0.176,2.269,32.766,1.357,1.925,0.486
100166,0.176,2.269,32.766,1.357,1.93,0.486
100176,0.176,2.269,32.766,1.357,1.93,0.486
100186,0.176,2.269,32.766,32.766,1.93,0.481
100196,0.176,2.269,32.766,32.766,1.93,0.481
100206,0.176,2.269,32.766,32.766,1.93,0.481
100216,0.176,2.269,32.766,32.766,1.93,0.481
100226,0.176,2.269,32.766,32.766,1.93,0.477
100236,0.176,2.269,32.766,32.766,1.93,0.477
100246,0.176,2.269,32.766,32.766,1.93,0.477
100256,0.194,2.236,32.766,32.766,1.93,0.477
100266,0.194,2.236,32.766,32.766,1.936,0.477
100276,0.194,2.236,32.766,32.766,1.936,0.477
100286,0.194,2.236,32.766,1.348,1.936,0.471
100296,0.194,2.236,32.766,1.348,1.936,0.471
100306,0.194,2.236,32.766,1.348,1.936,0.471
100316,0.194,2.236,32.766,1.348,1.936,0.471
100326,0.194,2.236,32.766,1.348,1.936,0.471
100336,0.194,2.236,32.766,1.348,1.936,0.467
100346,0.194,2.236,32.766,1.348,1.936,0.467
100356,0.235,2.206,32.766,1.348,1.936,0.467
100366,0.235,2.206,32.766,1.348,1.924,0.467
100376,0.235,2.206,32.766,1.348,1.924,0.467
100386,0.235,2.206,32.766,32.766,1.924,0.47
100396,0.235,2.206,32.766,32.766,1.924,0.47
100406,0.235,2.206,32.766,32.766,1.924,0.47
100416,0.235,2.206,32.766,32.766,1.924,0.47
100426,0.235,2.206,32.766,32.766,1.924,0.47
100436,0.235,2.206,32.766,32.766,1.924,0.494
100446,0.235,2.206,32.766,32.766,1.924,0.494
100456,0.294,2.14,32.766,32.766,1.924,0.494
100466,0.294,2.14,32.766,32.766,1.918,0.494
100476,0.294,2.14,32.766,32.766,1.918,0.494
100486,0.294,2.14,32.766,1.34,1.918,0.525
100496,0.294,2.14,32.766,1.34,1.918,0.525
100506,0.294,2.14,32.766,1.34,1.918,0.525
100516,0.294,2.14,32.766,1.34,1.918,0.525
100526,0.294,2.14,32.766,1.34,1.918,0.525
100536,0.294,2.14,32.766,1.34,1.918,0.623
100546,0.294,2.14,32.766,1.34,1.918,0.623
100556,0.381,2.048,32.766,1.34,1.918,0.623
100566,0.381,2.048,32.766,1.34,1.897,0.623
100576,0.381,2.048,32.766,1.34,1.897,0.623
100586,0.381,2.048,32.766,32.766,1.897,0.643
100596,0.381,2.048,32.766,32.766,1.897,0.643
100606,0.381,2.048,32.766,32.766,1.897,0.643
100616,0.381,2.048,32.766,32.766,1.897,0.643
100626,0.381,2.048,32.766,32.766,1.897,0.637
100636,0.381,2.048,32.766,32.766,1.897,0.637
100646,0.381,2.048,32.766,32.766,1.897,0.637
100656,32.766,1.986,32.766,32.766,1.897,0.637
100666,32.766,1.986,32.766,32.766,1.908,0.637
100676,32.766,1.986,32.766,32.766,1.908,0.637
100686,32.766,1.986,32.766,1.337,1.908,0.634
100696,32.766,1.986,32.766,1.337,1.908,0.634
100706,32.766,1.986,32.766,1.337,1.908,0.634
100716,32.766,1.986,32.766,1.337,1.908,0.634
100726,32.766,1.986,32.766,1.337,1.908,0.612
100736,32.766,1.986,32.766,1.337,1.908,0.612
100746,32.766,1.986,32.766,1.337,1.908,0.612
100756,32.766,1.958,32.766,1.337,1.908,0.612
100766,32.766,1.958,32.766,1.337,1.936,0.612
100776,32.766,1.958,32.766,1.337,1.936,0.612
100786,32.766,1.958,32.766,1.338,1.936,0.587
100796,32.766,1.958,32.766,1.338,1.936,0.587
100806,32.766,1.958,32.766,1.338,1.936,0.587
100816,32.766,1.958,32.766,1.338,1.936,0.587
100826,32.766,1.958,32.766,1.338,1.936,0.587
100836,32.766,1.958,32.766,1.338,1.936,0.543
100846,32.766,1.958,32.766,1.338,1.936,0.543
100856,32.766,1.925,32.766,1.338,1.936,0.543
100866,32.766,1.925,32.766,1.338,1.992,0.543
100876,32.766,1.925,32.766,1.338,1.992,0.543
100886,32.766,1.925,32.766,1.334,1.992,0.508
100896,32.766,1.925,32.766,1.334,1.992,0.508
100906,32.766,1.925,32.766,1.334,1.992,0.508
100916,32.766,1.925,32.766,1.334,1.992,0.508
100926,32.766,1.925,32.766,1.334,1.992,0.508
100936,32.766,1.925,32.766,1.334,1.992,0.465
100946,32.766,1.925,32.766,1.334,1.992,0.465
100957,32.766,1.929,32.766,1.334,1.992,0.465
100966,32.766,1.929,32.766,1.334,2.059,0.465
100976,32.766,1.929,32.766,1.334,2.059,0.465
100986,32.766,1.929,32.766,1.339,2.059,0.437
100996,32.766,1.929,32.766,1.339,2.059,0.437
101006,32.766,1.929,32.766,1.339,2.059,0.437
101017,32.766,1.929,32.766,1.339,2.059,0.437
101026,32.766,1.929,32.766,1.339,2.059,0.437
101036,32.766,1.929,32.766,1.339,2.059,0.41
101046,32.766,1.929,32.766,1.339,2.059,0.41
101056,32.766,1.937,32.766,1.339,2.059,0.41
101066,32.766,1.937,32.766,1.339,2.122,0.41
101076,32.766,1.937,32.766,1.339,2.122,0.41
101086,32.766,1.937,32.766,32.766,2.122,0.4
101096,32.766,1.937,32.766,32.766,2.122,0.4
101106,32.766,1.937,32.766,32.766,2.122,0.4
101116,32.766,1.937,32.766,32.766,2.122,0.4
101126,32.766,1.937,32.766,32.766,2.122,0.4
101136,32.766,1.937,32.766,32.766,2.122,0.406
101146,32.766,1.937,32.766,32.766,2.122,0.406
101156,32.766,1.951,32.766,32.766,2.122,0.406
101166,32.766,1.951,32.766,32.766,2.117,0.406
101176,32.766,1.951,32.766,32.766,2.117,0.406
101186,32.766,1.951,32.766,1.358,2.117,0.409
101196,32.766,1.951,32.766,1.358,2.117,0.409
101206,32.766,1.951,32.766,1.358,2.117,0.409
101216,32.766,1.951,32.766,1.358,2.117,0.409
101226,32.766,1.951,32.766,1.358,2.117,0.409
101236,32.766,1.951,32.766,1.358,2.117,0.42
101246,32.766,1.951,32.766,1.358,2.117,0.42
101256,32.766,1.975,32.766,1.358,2.117,0.42
101266,32.766,1.975,32.766,1.358,2.119,0.42
101276,32.766,1.975,32.766,1.358,2.119,0.42
101286,32.766,1.975,32.766,1.355,2.119,0.437
101296,32.766,1.975,32.766,1.355,2.119,0.437
101306,32.766,1.975,32.766,1.355,2.119,0.437
101316,32.766,1.975,32.766,1.355,2.119,0.437
101326,32.766,1.975,32.766,1.355,2.119,0.437
101336,32.766,1.975,32.766,1.355,2.119,0.448
101346,32.766,1.975,32.766,1.355,2.119,0.448
101356,32.766,1.969,32.766,1.355,2.119,0.448
101366,32.766,1.969,32.766,1.355,2.112,0.448
101376,32.766,1.969,32.766,1.355,2.112,0.448
101386,32.766,1.969,32.766,1.363,2.112,0.461
101396,32.766,1.969,32.766,1.363,2.112,0.461
101406,32.766,1.969,32.766,1.363,2.112,0.461
101416,32.766,1.969,32.766,1.363,2.112,0.461
101426,32.766,1.969,32.766,1.363,2.112,0.461
101436,32.766,1.969,32.766,1.363,2.112,0.469
101446,32.766,1.969,32.766,1.363,2.112,0.469
101456,32.766,1.976,32.766,1.363,2.112,0.469
101466,32.766,1.976,32.766,1.363,2.085,0.469
101476,32.766,1.976,32.766,1.363,2.085,0.469
101486,32.766,1.976,32.766,1.358,2.085,0.473
101496,32.766,1.976,32.766,1.358,2.085,0.473
101506,32.766,1.976,32.766,1.358,2.085,0.473
101516,32.766,1.976,32.766,1.358,2.085,0.473
101526,32.766,1.976,32.766,1.358,2.085,0.473
101536,32.766,1.976,32.766,1.358,2.085,0.474
101546,32.766,1.976,32.766,1.358,2.085,0.474
101556,32.766,1.98,32.766,1.358,2.085,0.474
101566,32.766,1.98,32.766,1.358,2.085,0.474
101576,32.766,1.98,32.766,1.358,2.085,0.474
101586,32.766,1.98,32.766,1.356,2.085,0.481
101596,32.766,1.98,32.766,1.356,2.085,0.481
101606,32.766,1.98,32.766,1.356,2.085,0.481
101616,32.766,1.98,32.766,1.356,2.085,0.481
101626,32.766,1.98,32.766,1.356,2.085,0.481
101636,32.766,1.98,32.766,1.356,2.085,0.479
101646,32.766,1.98,32.766,1.356,2.085,0.479
101656,32.766,1.964,32.766,1.356,2.085,0.479
101666,32.766,1.964,32.766,1.356,2.06,0.479
101676,32.766,1.964,32.766,1.356,2.06,0.479
101686,32.766,1.964,32.766,1.36,2.06,0.475
101696,32.766,1.964,32.766,1.36,2.06,0.475
101706,32.766,1.964,32.766,1.36,2.06,0.475
101716,32.766,1.964,32.766,1.36,2.06,0.475
101726,32.766,1.964,32.766,1.36,2.06,0.475
101736,32.766,1.964,32.766,1.36,2.06,0.477
101746,32.766,1.964,32.766,1.36,2.06,0.477
101756,32.766,1.958,32.766,1.36,2.06,0.477
101766,32.766,1.958,32.766,1.36,2.061,0.477
101776,32.766,1.958,32.766,1.36,2.061,0.477
101786,32.766,1.958,32.766,1.342,2.061,0.476
101796,32.766,1.958,32.766,1.342,2.061,0.476
101806,32.766,1.958,32.766,1.342,2.061,0.476
101816,32.766,1.958,32.766,1.342,2.061,0.476
101826,32.766,1.958,32.766,1.342,2.061,0.476
101836,32.766,1.958,32.766,1.342,2.061,0.472
101846,32.766,1.958,32.766,1.342,2.061,0.472
101856,32.766,1.925,32.766,1.342,2.061,0.472
101866,32.766,1.925,32.766,1.342,2.06,0.472
101876,32.766,1.925,32.766,1.342,2.06,0.472
101886,32.766,1.925,32.766,32.766,2.06,0.476
101896,32.766,1.925,32.766,32.766,2.06,0.476
101906,32.766,1.925,32.766,32.766,2.06,0.476
101916,32.766,1.925,32.766,32.766,2.06,0.476
101926,32.766,1.925,32.766,32.766,2.06,0.476
101936,32.766,1.925,32.766,32.766,2.06,0.477
101946,32.766,1.925,32.766,32.766,2.06,0.477
101956,32.766,0.166,32.766,32.766,2.06,0.477
101966,32.766,0.166,32.766,32.766,2.049,0.477
101976,32.766,0.166,32.766,32.766,2.049,0.477
101986,32.766,0.166,32.766,1.337,2.049,0.478
101996,32.766,0.166,32.766,1.337,2.049,0.478
102006,32.766,0.166,32.766,1.337,2.049,0.478
102016,32.766,0.166,32.766,1.337,2.049,0.478
102026,32.766,0.166,32.766,1.337,2.049,0.478
102036,32.766,0.166,32.766,1.337,2.049,0.483
102046,32.766,0.166,32.766,1.337,2.049,0.483
102056,32.766,0.141,32.766,1.337,2.049,0.483
102066,32.766,0.141,32.766,1.337,2.046,0.483
102076,32.766,0.141,32.766,1.337,2.046,0.483
102086,32.766,0.141,32.766,1.338,2.046,0.487
102096,32.766,0.141,32.766,1.338,2.046,0.487
102106,32.766,0.141,32.766,1.338,2.046,0.487
102116,32.766,0.141,32.766,1.338,2.046,0.487
102126,32.766,0.141,32.766,1.338,2.046,0.49
102136,32.766,0.141,32.766,1.338,2.046,0.49
102146,32.766,0.141,32.766,1.338,2.046,0.49
102156,32.766,0.117,32.766,1.338,2.046,0.49
102166,32.766,0.117,32.766,1.338,2.04,0.49
102176,32.766,0.117,0.612,1.338,2.04,0.49
102186,32.766,0.117,0.612,1.342,2.04,0.494
102196,32.766,0.117,0.612,1.342,2.04,0.494
102206,32.766,0.117,0.612,1.342,2.04,0.494
102216,32.766,0.117,0.612,1.342,2.04,0.494
102226,32.766,0.117,0.612,1.342,2.04,0.494
102236,32.766,0.117,0.612,1.342,2.04,0.498
102246,32.766,0.117,0.612,1.342,2.04,0.498
102256,32.766,0.105,0.612,1.342,2.04,0.498
102266,32.766,0.105,0.612,1.342,2.038,0.498
102276,32.766,0.105,32.766,1.342,2.038,0.498
102286,32.766,0.105,32.766,1.355,2.038,0.497
102296,32.766,0.105,32.766,1.355,2.038,0.497
102306,32.766,0.105,32.766,1.355,2.038,0.497
102316,32.766,0.105,32.766,1.355,2.038,0.497
102326,32.766,0.105,32.766,1.355,2.038,0.497
102336,32.766,0.105,32.766,1.355,2.038,0.501
102346,32.766,0.105,32.766,1.355,2.038,0.501
102356,32.766,0.113,32.766,1.355,2.038,0.501
102366,32.766,0.113,32.766,1.355,2.046,0.501
102376,32.766,0.113,32.766,1.355,2.046,0.501
102386,32.766,0.113,32.766,1.345,2.046,0.501
102396,32.766,0.113,32.766,1.345,2.046,0.501
102406,32.766,0.113,32.766,1.345,2.046,0.501
102416,32.766,0.113,32.766,1.345,2.046,0.501
102426,32.766,0.113,32.766,1.345,2.046,0.501
102436,32.766,0.113,32.766,1.345,2.046,0.498
102446,32.766,0.113,32.766,1.345,2.046,0.498
102456,32.766,0.136,32.766,1.345,2.046,0.498
102466,32.766,0.136,32.766,1.345,2.037,0.498
102476,32.766,0.136,0.555,1.345,2.037,0.498
102486,32.766,0.136,0.555,1.342,2.037,0.495
102496,32.766,0.136,0.555,1.342,2.037,0.495
102506,32.766,0.136,0.555,1.342,2.037,0.495
102516,32.766,0.136,0.555,1.342,2.037,0.495
102526,32.766,0.136,0.555,1.342,2.037,0.495
102536,32.766,0.136,0.555,1.342,2.037,0.495
102546,32.766,0.136,0.555,1.342,2.037,0.495
102556,32.766,0.161,0.555,1.342,2.037,0.495
102566,32.766,0.161,0.555,1.342,2.022,0.495
102576,32.766,0.161,0.508,1.342,2.022,0.495
102586,32.766,0.161,0.508,32.766,2.022,0.494
102596,32.766,0.161,0.508,32.766,2.022,0.494
102606,32.766,0.161,0.508,32.766,2.022,0.494
102616,32.766,0.161,0.508,32.766,2.022,0.494
102626,32.766,0.161,0.508,32.766,2.022,0.494
102636,32.766,0.161,0.508,32.766,2.022,0.503
102646,32.766,0.161,0.508,32.766,2.022,0.503
102656,32.766,0.19,0.508,32.766,2.022,0.503
102666,32.766,0.19,0.508,32.766,2.022,0.503
102676,32.766,0.19,0.492,32.766,2.022,0.503
102686,32.766,0.19,0.492,32.766,2.022,0.489
102696,32.766,0.19,0.492,32.766,2.022,0.489
102706,32.766,0.19,0.492,32.766,2.022,0.489
102716,32.766,0.19,0.492,32.766,2.022,0.489
102726,32.766,0.19,0.492,32.766,2.022,0.489
102736,32.766,0.19,0.492,32.766,2.022,0.438
102746,32.766,0.19,0.492,32.766,2.022,0.438
102756,32.766,0.228,0.492,32.766,2.022,0.438
102766,32.766,0.228,0.492,32.766,2.007,0.438
102776,32.766,0.228,0.492,32.766,2.007,0.438
102786,32.766,0.228,0.492,1.347,2.007,0.4
102796,32.766,0.228,0.492,1.347,2.007,0.4
102806,32.766,0.228,0.492,1.347,2.007,0.4
102816,32.766,0.228,0.492,1.347,2.007,0.4
102826,32.766,0.228,0.492,1.347,2.007,0.4
102836,32.766,0.228,0.492,1.347,2.007,0.369
102846,32.766,0.228,0.492,1.347,2.007,0.369
102856,32.766,32.766,0.492,1.347,2.007,0.369
102866,32.766,32.766,0.492,1.347,2.023,0.369
102876,32.766,32.766,0.501,1.347,2.023,0.369
102886,32.766,32.766,0.501,1.356,2.023,0.36
102896,32.766,32.766,0.501,1.356,2.023,0.36
102906,32.766,32.766,0.501,1.356,2.023,0.36
102916,32.766,32.766,0.501,1.356,2.023,0.36
102926,32.766,32.766,0.501,1.356,2.023,0.36
102936,32.766,32.766,0.501,1.356,2.023,0.363
102946,32.766,32.766,0.501,1.356,2.023,0.363
102956,32.766,2.158,0.501,1.356,2.023,0.363
102966,32.766,2.158,0.501,1.356,2.02,0.363
102976,32.766,2.158,0.516,1.356,2.02,0.363
102986,32.766,2.158,0.516,32.766,2.02,0.4
102996,32.766,2.158,0.516,32.766,2.02,0.4
103006,32.766,2.158,0.516,32.766,2.02,0.4
103016,32.766,2.158,0.516,32.766,2.02,0.4
103026,32.766,2.158,0.516,32.766,2.02,0.4
103036,32.766,2.158,0.516,32.766,2.02,0.441
103046,32.766,2.158,0.516,32.766,2.02,0.441
103056,32.766,2.165,0.516,32.766,2.02,0.441
103066,32.766,2.165,0.516,32.766,1.992,0.441
103076,32.766,2.165,0.537,32.766,1.992,0.441
103086,32.766,2.165,0.537,32.766,1.992,0.48
103096,32.766,2.165,0.537,32.766,1.992,0.48
103106,32.766,2.165,0.537,32.766,1.992,0.48
103116,32.766,2.165,0.537,32.766,1.992,0.48
103126,32.766,2.165,0.537,32.766,1.992,0.48
103136,32.766,2.165,0.537,32.766,1.992,0.53
103146,32.766,2.165,0.537,32.766,1.992,0.53
103156,32.766,2.21,0.537,32.766,1.992,0.53
103166,32.766,2.21,0.537,32.766,1.909,0.53
103176,32.766,2.21,0.554,32.766,1.909,0.53
103186,32.766,2.21,0.554,32.766,1.909,0.558
103196,32.766,2.21,0.554,32.766,1.909,0.558
103206,32.766,2.21,0.554,32.766,1.909,0.558
103216,32.766,2.21,0.554,32.766,1.909,0.558
103226,32.766,2.21,0.554,32.766,1.909,0.587
103236,32.766,2.21,0.554,32.766,1.909,0.587
103246,32.766,2.21,0.554,32.766,1.909,0.587
103256,32.766,32.766,0.554,32.766,1.909,0.587
103266,32.766,32.766,0.554,32.766,1.811,0.587
103276,32.766,32.766,0.567,32.766,1.811,0.587
103286,32.766,32.766,0.567,1.37,1.811,0.608
103296,32.766,32.766,0.567,1.37,1.811,0.608
103306,32.766,32.766,0.567,1.37,1.811,0.608
103316,32.766,32.766,0.567,1.37,1.811,0.608
103326,32.766,32.766,0.567,1.37,1.811,0.608
103336,32.766,32.766,0.567,1.37,1.811,0.621
103346,32.766,32.766,0.567,1.37,1.811,0.621
103356,32.766,32.766,0.567,1.37,1.811,0.621
103366,32.766,32.766,0.567,1.37,1.773,0.621
103376,32.766,32.766,0.548,1.37,1.773,0.621
103386,32.766,32.766,0.548,32.766,1.773,0.628
103396,32.766,32.766,0.548,32.766,1.773,0.628
103406,32.766,32.766,0.548,32.766,1.773,0.628
103416,32.766,32.766,0.548,32.766,1.773,0.628
103426,32.766,32.766,0.548,32.766,1.773,0.628
103436,32.766,32.766,0.548,32.766,1.773,0.63
103446,32.766,32.766,0.548,32.766,1.773,0.63
103456,32.766,32.766,0.548,32.766,1.773,0.63
103466,32.766,32.766,0.548,32.766,1.765,0.63
103476,32.766,32.766,0.541,32.766,1.765,0.63
103486,32.766,32.766,0.541,1.378,1.765,0.622
103496,32.766,32.766,0.541,1.378,1.765,0.622
103506,32.766,32.766,0.541,1.378,1.765,0.622
103516,32.766,32.766,0.541,1.378,1.765,0.622
103526,32.766,32.766,0.541,1.378,1.765,0.622
103536,32.766,32.766,0.541,1.378,1.765,0.614
103546,32.766,32.766,0.541,1.378,1.765,0.614
103556,32.766,32.766,0.541,1.378,1.765,0.614
103566,32.766,32.766,0.541,1.378,1.791,0.614
103576,32.766,32.766,0.539,1.378,1.791,0.614
103586,32.766,32.766,0.539,1.38,1.791,0.605
103596,32.766,32.766,0.539,1.38,1.791,0.605
103606,32.766,32.766,0.539,1.38,1.791,0.605
103616,32.766,32.766,0.539,1.38,1.791,0.605
103626,32.766,32.766,0.539,1.38,1.791,0.605
103636,32.766,32.766,0.539,1.38,1.791,0.59
103646,32.766,32.766,0.539,1.38,1.791,0.59
103656,32.766,2.128,0.539,1.38,1.791,0.59
103666,32.766,2.128,0.539,1.38,1.81,0.59
103676,32.766,2.128,0.535,1.38,1.81,0.59
103686,32.766,2.128,0.535,32.766,1.81,0.583
103696,32.766,2.128,0.535,32.766,1.81,0.583
103706,32.766,2.128,0.535,32.766,1.81,0.583
103716,32.766,2.128,0.535,32.766,1.81,0.583
103726,32.766,2.128,0.535,32.766,1.81,0.583
103736,32.766,2.128,0.535,32.766,1.81,0.571
103746,32.766,2.128,0.535,32.766,1.81,0.571
103756,32.766,2.113,0.535,32.766,1.81,0.571
103766,32.766,2.113,0.535,32.766,1.86,0.571
103776,32.766,2.113,0.516,32.766,1.86,0.571
103786,32.766,2.113,0.516,32.766,1.86,0.564
103796,32.766,2.113,0.516,32.766,1.86,0.564
103806,32.766,2.113,0.516,32.766,1.86,0.564
103816,32.766,2.113,0.516,32.766,1.86,0.564
103826,32.766,2.113,0.516,32.766,1.86,0.564
103836,32.766,2.113,0.516,32.766,1.86,0.558
103846,32.766,2.113,0.516,32.766,1.86,0.558
103856,2.807,32.766,0.516,32.766,1.86,0.558
103866,2.807,32.766,0.516,32.766,1.88,0.558
103876,2.807,32.766,32.766,32.766,1.88,0.558
103886,2.807,32.766,32.766,1.38,1.88,0.551
103896,2.807,32.766,32.766,1.38,1.88,0.551
103906,2.807,32.766,32.766,1.38,1.88,0.551
103916,2.807,32.766,32.766,1.38,1.88,0.551
103926,2.807,32.766,32.766,1.38,1.88,0.551
103936,2.807,32.766,32.766,1.38,1.88,0.539
103946,2.807,32.766,32.766,1.38,1.88,0.539
103956,32.766,2.082,32.766,1.38,1.88,0.539
103966,32.766,2.082,32.766,1.38,1.915,0.539
103976,32.766,2.082,32.766,1.38,1.915,0.539
103986,32.766,2.082,32.766,32.766,1.915,0.531
103996,32.766,2.082,32.766,32.766,1.915,0.531
104006,32.766,2.082,32.766,32.766,1.915,0.531
104016,32.766,2.082,32.766,32.766,1.915,0.531
104026,32.766,2.082,32.766,32.766,1.915,0.524
104036,32.766,2.082,32.766,32.766,1.915,0.524
104046,32.766,2.082,32.766,32.766,1.915,0.524
104056,32.766,2.061,32.766,32.766,1.915,0.524
104066,32.766,2.061,32.766,32.766,1.931,0.524
104076,32.766,2.061,32.766,32.766,1.931,0.524
104086,32.766,2.061,32.766,1.377,1.931,0.515
104096,32.766,2.061,32.766,1.377,1.931,0.515
104106,32.766,2.061,32.766,1.377,1.931,0.515
104116,32.766,2.061,32.766,1.377,1.931,0.515
104126,32.766,2.061,32.766,1.377,1.931,0.515
104136,32.766,2.061,32.766,1.377,1.931,0.513
104146,32.766,2.061,32.766,1.377,1.931,0.513
104156,32.766,2.067,32.766,1.377,1.931,0.513
104166,32.766,2.067,32.766,1.377,1.95,0.513
104176,32.766,2.067,32.766,1.377,1.95,0.513
104186,32.766,2.067,32.766,32.766,1.95,0.507
104196,32.766,2.067,32.766,32.766,1.95,0.507
104206,32.766,2.067,32.766,32.766,1.95,0.507
104216,32.766,2.067,32.766,32.766,1.95,0.507
104226,32.766,2.067,32.766,32.766,1.95,0.507
104236,32.766,2.067,32.766,32.766,1.95,0.5
104246,32.766,2.067,32.766,32.766,1.95,0.5
104256,32.766,2.05,32.766,32.766,1.95,0.5
104266,32.766,2.05,32.766,32.766,1.976,0.5
104276,32.766,2.05,32.766,32.766,1.976,0.5
104286,32.766,2.05,32.766,1.371,1.976,0.497
104296,32.766,2.05,32.766,1.371,1.976,0.497
104306,32.766,2.05,32.766,1.371,1.976,0.497
104316,32.766,2.05,32.766,1.371,1.976,0.497
104326,32.766,2.05,32.766,1.371,1.976,0.497
104336,32.766,2.05,32.766,1.371,1.976,0.494
104346,32.766,2.05,32.766,1.371,1.976,0.494
104356,32.766,0.15,32.766,1.371,1.976,0.494
104366,32.766,0.15,32.766,1.371,2.006,0.494
104376,32.766,0.15,32.766,1.371,2.006,0.494
104386,32.766,0.15,32.766,32.766,2.006,0.49
104396,32.766,0.15,32.766,32.766,2.006,0.49
104406,32.766,0.15,32.766,32.766,2.006,0.49
104416,32.766,0.15,32.766,32.766,2.006,0.49
104426,32.766,0.15,32.766,32.766,2.006,0.49
104436,32.766,0.15,32.766,32.766,2.006,0.486
104446,32.766,0.15,32.766,32.766,2.006,0.486
104456,32.766,0.126,32.766,32.766,2.006,0.486
104466,32.766,0.126,32.766,32.766,2.004,0.486
104476,32.766,0.126,32.766,32.766,2.004,0.486
104486,32.766,0.126,32.766,1.348,2.004,0.48
104496,32.766,0.126,32.766,1.348,2.004,0.48
104506,32.766,0.126,32.766,1.348,2.004,0.48
104516,32.766,0.126,32.766,1.348,2.004,0.48
104526,32.766,0.126,32.766,1.348,2.004,0.516
104536,32.766,0.126,32.766,1.348,2.004,0.516
104546,32.766,0.126,32.766,1.348,2.004,0.516
104556,32.766,0.114,32.766,1.348,2.004,0.516
104566,32.766,0.114,32.766,1.348,2.023,0.516
104576,32.766,0.114,0.585,1.348,2.023,0.516
104586,32.766,0.114,0.585,1.353,2.023,0.519
104596,32.766,0.114,0.585,1.353,2.023,0.519
104606,32.766,0.114,0.585,1.353,2.023,0.519
104616,32.766,0.114,0.585,1.353,2.023,0.519
104626,32.766,0.114,0.585,1.353,2.023,0.518
104636,32.766,0.114,0.585,1.353,2.023,0.518
104646,32.766,0.114,0.585,1.353,2.023,0.518
104656,32.766,0.114,0.585,1.353,2.023,0.518
104666,32.766,0.114,0.585,1.353,2.029,0.518
104676,32.766,0.114,0.564,1.353,2.029,0.518
104686,32.766,0.114,0.564,1.351,2.029,0.517
104696,32.766,0.114,0.564,1.351,2.029,0.517
104706,32.766,0.114,0.564,1.351,2.029,0.517
104716,32.766,0.114,0.564,1.351,2.029,0.517
104727,32.766,0.114,0.564,1.351,2.029,0.513
104736,32.766,0.114,0.564,1.351,2.029,0.513
104746,32.766,0.114,0.564,1.351,2.029,0.513
104756,32.766,0.134,0.564,1.351,2.029,0.513
104767,32.766,0.134,0.564,1.351,32.766,0.513
104776,32.766,0.134,0.531,1.351,32.766,0.513
104786,32.766,0.134,0.531,1.341,32.766,0.483
104796,32.766,0.134,0.531,1.341,32.766,0.483
104806,32.766,0.134,0.531,1.341,32.766,0.483
104816,32.766,0.134,0.531,1.341,32.766,0.483
104826,32.766,0.134,0.531,1.341,32.766,0.483
104836,32.766,0.134,0.531,1.341,32.766,0.417
104846,32.766,0.134,0.531,1.341,32.766,0.417
104856,32.766,0.182,0.531,1.341,32.766,0.417
104866,32.766,0.182,0.531,1.341,2.046,0.417
104876,32.766,0.182,0.51,1.341,2.046,0.417
104886,32.766,0.182,0.51,32.766,2.046,0.367
104896,32.766,0.182,0.51,32.766,2.046,0.367
104906,32.766,0.182,0.51,32.766,2.046,0.367
104916,32.766,0.182,0.51,32.766,2.046,0.367
104926,32.766,0.182,0.51,32.766,2.046,0.367
104936,32.766,0.182,0.51,32.766,2.046,0.307
104946,32.766,0.182,0.51,32.766,2.046,0.307
104956,32.766,0.245,0.51,32.766,2.046,0.307
104966,32.766,0.245,0.51,32.766,2.054,0.307
104976,32.766,0.245,0.497,32.766,2.054,0.307
104986,32.766,0.245,0.497,1.354,2.054,0.306
104996,32.766,0.245,0.497,1.354,2.054,0.306
105006,32.766,0.245,0.497,1.354,2.054,0.306
105016,32.766,0.245,0.497,1.354,2.054,0.306
105026,32.766,0.245,0.497,1.354,2.054,0.306
105036,32.766,0.245,0.497,1.354,2.054,0.314
105046,32.766,0.245,0.497,1.354,2.054,0.314
105056,32.766,2.18,0.497,1.354,2.054,0.314
105066,32.766,2.18,0.497,1.354,2.025,0.314
105076,32.766,2.18,0.488,1.354,2.025,0.314
105086,32.766,2.18,0.488,32.766,2.025,0.353
105096,32.766,2.18,0.488,32.766,2.025,0.353
105106,32.766,2.18,0.488,32.766,2.025,0.353
105116,32.766,2.18,0.488,32.766,2.025,0.353
105126,32.766,2.18,0.488,32.766,2.025,0.353
105136,32.766,2.18,0.488,32.766,2.025,0.402
105146,32.766,2.18,0.488,32.766,2.025,0.402
105156,32.766,2.246,0.488,32.766,2.025,0.402
105166,32.766,2.246,0.488,32.766,1.979,0.402
105176,32.766,2.246,0.49,32.766,1.979,0.402
105186,32.766,2.246,0.49,32.766,1.979,0.445
105196,32.766,2.246,0.49,32.766,1.979,0.445
105206,32.766,2.246,0.49,32.766,1.979,0.445
105216,32.766,2.246,0.49,32.766,1.979,0.445
105226,32.766,2.246,0.49,32.766,1.979,0.445
105236,32.766,2.246,0.49,32.766,1.979,0.523
105246,32.766,2.246,0.49,32.766,1.979,0.523
105256,32.766,2.275,0.49,32.766,1.979,0.523
105266,32.766,2.275,0.49,32.766,1.905,0.523
105276,32.766,2.275,0.51,32.766,1.905,0.523
105286,32.766,2.275,0.51,1.379,1.905,0.583
105296,32.766,2.275,0.51,1.379,1.905,0.583
105306,32.766,2.275,0.51,1.379,1.905,0.583
105316,32.766,2.275,0.51,1.379,1.905,0.583
105326,32.766,2.275,0.51,1.379,1.905,0.583
105336,32.766,2.275,0.51,1.379,1.905,0.641
105346,32.766,2.275,0.51,1.379,1.905,0.641
105356,32.766,2.344,0.51,1.379,1.905,0.641
105366,32.766,2.344,0.51,1.379,1.839,0.641
105376,32.766,2.344,0.515,1.379,1.839,0.641
105386,32.766,2.344,0.515,32.766,1.839,0.67
105396,32.766,2.344,0.515,32.766,1.839,0.67
105406,32.766,2.344,0.515,32.766,1.839,0.67
105416,32.766,2.344,0.515,32.766,1.839,0.67
105426,32.766,2.344,0.515,32.766,1.839,0.689
105436,32.766,2.344,0.515,32.766,1.839,0.689
105446,32.766,2.344,0.515,32.766,1.839,0.689
105456,32.766,2.374,0.515,32.766,1.839,0.689
105466,32.766,2.374,0.515,32.766,1.773,0.689
105476,32.766,2.374,0.518,32.766,1.773,0.689
105486,32.766,2.374,0.518,1.399,1.773,0.688
105496,32.766,2.374,0.518,1.399,1.773,0.688
105506,32.766,2.374,0.518,1.399,1.773,0.688
105516,32.766,2.374,0.518,1.399,1.773,0.688
105526,32.766,2.374,0.518,1.399,1.773,0.675
105536,32.766,2.374,0.518,1.399,1.773,0.675
105546,32.766,2.374,0.518,1.399,1.773,0.675
105556,32.766,32.766,0.518,1.399,1.773,0.675
105566,32.766,32.766,0.518,1.399,1.761,0.675
105576,32.766,32.766,0.535,1.399,1.761,0.675
105586,32.766,32.766,0.535,32.766,1.761,0.655
105596,32.766,32.766,0.535,32.766,1.761,0.655
105606,32.766,32.766,0.535,32.766,1.761,0.655
105616,32.766,32.766,0.535,32.766,1.761,0.655
105626,32.766,32.766,0.535,32.766,1.761,0.614
105636,32.766,32.766,0.535,32.766,1.761,0.614
105646,32.766,32.766,0.535,32.766,1.761,0.614
105656,32.766,32.766,0.535,32.766,1.761,0.614
105666,32.766,32.766,0.535,32.766,1.776,0.614
105676,32.766,32.766,0.522,32.766,1.776,0.614
105686,32.766,32.766,0.522,1.391,1.776,0.574
105696,32.766,32.766,0.522,1.391,1.776,0.574
105706,32.766,32.766,0.522,1.391,1.776,0.574
105716,32.766,32.766,0.522,1.391,1.776,0.574
105726,32.766,32.766,0.522,1.391,1.776,0.574
105736,32.766,32.766,0.522,1.391,1.776,0.532
105746,32.766,32.766,0.522,1.391,1.776,0.532
105756,32.766,2.374,0.522,1.391,1.776,0.532
105766,32.766,2.374,0.522,1.391,1.838,0.532
105776,32.766,2.374,0.505,1.391,1.838,0.532
105786,32.766,2.374,0.505,32.766,1.838,0.505
105796,32.766,2.374,0.505,32.766,1.838,0.505
105806,32.766,2.374,0.505,32.766,1.838,0.505
105816,32.766,2.374,0.505,32.766,1.838,0.505
105826,32.766,2.374,0.505,32.766,1.838,0.505
105836,32.766,2.374,0.505,32.766,1.838,0.49
105846,32.766,2.374,0.505,32.766,1.838,0.49
105856,32.766,2.412,0.505,32.766,1.838,0.49
105866,32.766,2.412,0.505,32.766,1.88,0.49
105876,32.766,2.412,0.507,32.766,1.88,0.49
105886,32.766,2.412,0.507,1.402,1.88,0.489
105896,32.766,2.412,0.507,1.402,1.88,0.489
105906,32.766,2.412,0.507,1.402,1.88,0.489
105916,32.766,2.412,0.507,1.402,1.88,0.489
105926,32.766,2.412,0.507,1.402,1.88,0.492
105936,32.766,2.412,0.507,1.402,1.88,0.492
105946,32.766,2.412,0.507,1.402,1.88,0.492
105956,32.766,2.438,0.507,1.402,1.88,0.492
105966,32.766,2.438,0.507,1.402,1.882,0.492
105976,32.766,2.438,0.535,1.402,1.882,0.492
105986,32.766,2.438,0.535,1.395,1.882,0.501
105996,32.766,2.438,0.535,1.395,1.882,0.501
106006,32.766,2.438,0.535,1.395,1.882,0.501
106016,32.766,2.438,0.535,1.395,1.882,0.501
106026,32.766,2.438,0.535,1.395,1.882,0.501
106036,32.766,2.438,0.535,1.395,1.882,0.512
106046,32.766,2.438,0.535,1.395,1.882,0.512
106056,32.766,2.342,0.535,1.395,1.882,0.512
106066,32.766,2.342,0.535,1.395,1.867,0.512
106076,32.766,2.342,0.571,1.395,1.867,0.512
106086,32.766,2.342,0.571,32.766,1.867,0.521
106096,32.766,2.342,0.571,32.766,1.867,0.521
106106,32.766,2.342,0.571,32.766,1.867,0.521
106116,32.766,2.342,0.571,32.766,1.867,0.521
106126,32.766,2.342,0.571,32.766,1.867,0.521
106136,32.766,2.342,0.571,32.766,1.867,0.521
106146,32.766,2.342,0.571,32.766,1.867,0.521
106156,32.766,2.325,0.571,32.766,1.867,0.521
106166,32.766,2.325,0.571,32.766,1.858,0.521
106176,32.766,2.325,0.588,32.766,1.858,0.521
106186,32.766,2.325,0.588,1.394,1.858,0.523
106196,32.766,2.325,0.588,1.394,1.858,0.523
106206,32.766,2.325,0.588,1.394,1.858,0.523
106216,32.766,2.325,0.588,1.394,1.858,0.523
106226,32.766,2.325,0.588,1.394,1.858,0.523
106236,32.766,2.325,0.588,1.394,1.858,0.52
106246,32.766,2.325,0.588,1.394,1.858,0.52
106256,32.766,2.31,0.588,1.394,1.858,0.52
106266,32.766,2.31,0.588,1.394,1.849,0.52
106276,32.766,2.31,0.594,1.394,1.849,0.52
106286,32.766,2.31,0.594,1.399,1.849,0.513
106296,32.766,2.31,0.594,1.399,1.849,0.513
106306,32.766,2.31,0.594,1.399,1.849,0.513
106316,32.766,2.31,0.594,1.399,1.849,0.513
106326,32.766,2.31,0.594,1.399,1.849,0.513
106336,32.766,2.31,0.594,1.399,1.849,0.505
106346,32.766,2.31,0.594,1.399,1.849,0.505
106356,3.133,2.329,0.594,1.399,1.849,0.505
106366,3.133,2.329,0.594,1.399,1.87,0.505
106376,3.133,2.329,0.593,1.399,1.87,0.505
106386,3.133,2.329,0.593,1.391,1.87,0.499
106396,3.133,2.329,0.593,1.391,1.87,0.499
106406,3.133,2.329,0.593,1.391,1.87,0.499
106416,3.133,2.329,0.593,1.391,1.87,0.499
106426,3.133,2.329,0.593,1.391,1.87,0.499
106436,3.133,2.329,0.593,1.391,1.87,0.494
106446,3.133,2.329,0.593,1.391,1.87,0.494
106456,32.766,2.398,0.593,1.391,1.87,0.494
106466,32.766,2.398,0.593,1.391,1.893,0.494
106476,32.766,2.398,0.591,1.391,1.893,0.494
106486,32.766,2.398,0.591,1.394,1.893,0.486
106496,32.766,2.398,0.591,1.394,1.893,0.486
106506,32.766,2.398,0.591,1.394,1.893,0.486
106516,32.766,2.398,0.591,1.394,1.893,0.486
106526,32.766,2.398,0.591,1.394,1.893,0.486
106536,32.766,2.398,0.591,1.394,1.893,0.478
106546,32.766,2.398,0.591,1.394,1.893,0.478
106556,32.766,32.766,0.591,1.394,1.893,0.478
106566,32.766,32.766,0.591,1.394,1.891,0.478
106576,32.766,32.766,0.595,1.394,1.891,0.478
106586,32.766,32.766,0.595,1.4,1.891,0.477
106596,32.766,32.766,0.595,1.4,1.891,0.477
106606,32.766,32.766,0.595,1.4,1.891,0.477
106616,32.766,32.766,0.595,1.4,1.891,0.477
106626,32.766,32.766,0.595,1.4,1.891,0.477
106636,32.766,32.766,0.595,1.4,1.891,0.472
106646,32.766,32.766,0.595,1.4,1.891,0.472
106656,32.766,2.305,0.595,1.4,1.891,0.472
106666,32.766,2.305,0.595,1.4,32.766,0.472
106676,32.766,2.305,0.599,1.4,32.766,0.472
106686,32.766,2.305,0.599,1.398,32.766,0.467
106696,32.766,2.305,0.599,1.398,32.766,0.467
106706,32.766,2.305,0.599,1.398,32.766,0.467
106716,32.766,2.305,0.599,1.398,32.766,0.467
106726,32.766,2.305,0.599,1.398,32.766,0.467
106736,32.766,2.305,0.599,1.398,32.766,0.472
106746,32.766,2.305,0.599,1.398,32.766,0.472
106756,32.766,2.324,0.599,1.398,32.766,0.472
106766,32.766,2.324,0.599,1.398,0.321,0.472
106776,32.766,2.324,0.597,1.398,0.321,0.472
106786,32.766,2.324,0.597,1.4,0.321,0.471
106796,32.766,2.324,0.597,1.4,0.321,0.471
106806,32.766,2.324,0.597,1.4,0.321,0.471
106816,32.766,2.324,0.597,1.4,0.321,0.471
106826,32.766,2.324,0.597,1.4,0.321,0.471
106836,32.766,2.324,0.597,1.4,0.321,0.466
106846,32.766,2.324,0.597,1.4,0.321,0.466
106856,32.766,2.318,0.597,1.4,0.321,0.466
106866,32.766,2.318,0.597,1.4,0.226,0.466
106876,32.766,2.318,0.591,1.4,0.226,0.466
106886,32.766,2.318,0.591,1.406,0.226,0.466
106896,32.766,2.318,0.591,1.406,0.226,0.466
106906,32.766,2.318,0.591,1.406,0.226,0.466
106916,32.766,2.318,0.591,1.406,0.226,0.466
106926,32.766,2.318,0.591,1.406,0.226,0.466
106936,32.766,2.318,0.591,1.406,0.226,0.47
106946,32.766,2.318,0.591,1.406,0.226,0.47
106956,32.766,2.326,0.591,1.406,0.226,0.47
106966,32.766,2.326,0.591,1.406,0.161,0.47
106976,32.766,2.326,0.59,1.406,0.161,0.47
106986,32.766,2.326,0.59,32.766,0.161,0.466
106996,32.766,2.326,0.59,32.766,0.161,0.466
107006,32.766,2.326,0.59,32.766,0.161,0.466
107016,32.766,2.326,0.59,32.766,0.161,0.466
107026,32.766,2.326,0.59,32.766,0.161,0.466
107036,32.766,2.326,0.59,32.766,0.161,0.47
107046,32.766,2.326,0.59,32.766,0.161,0.47
107056,32.766,2.316,0.59,32.766,0.161,0.47
107066,32.766,2.316,0.59,32.766,0.125,0.47
107076,32.766,2.316,0.585,32.766,0.125,0.47
107086,32.766,2.316,0.585,1.409,0.125,0.473
107096,32.766,2.316,0.585,1.409,0.125,0.473
107106,32.766,2.316,0.585,1.409,0.125,0.473
107116,32.766,2.316,0.585,1.409,0.125,0.473
107126,32.766,2.316,0.585,1.409,0.125,0.473
107136,32.766,2.316,0.585,1.409,0.125,0.472
107146,32.766,2.316,0.585,1.409,0.125,0.472